DATE,SOURCES,SOURCEURLS,ARTICLE_TITLE,SENTIMENT,INF
20191229,earthquakenewstoday.com,http://www.earthquakenewstoday.com/2019/12/29/minor-earthquake-m2-82-quake-has-struck-near-indios-in-puerto-rico/,Minor earthquake: M2.82 quake has struck near Indios in Puerto Rico,Negative,1
20191229,earthquakenewstoday.com,http://www.earthquakenewstoday.com/2019/12/28/minor-earthquake-m3-91-quake-has-struck-near-indios-in-puerto-rico/,Minor earthquake: M3.91 quake has struck near Indios in Puerto Rico,Negative,1
20191229,earthquakenewstoday.com,http://www.earthquakenewstoday.com/2019/12/29/minor-earthquake-m3-8-quake-has-struck-near-guanica-in-puerto-rico-2/,Minor earthquake: M3.8 quake has struck near Guanica in Puerto Rico,Negative,1
20191229,earthquakenewstoday.com,http://www.earthquakenewstoday.com/2019/12/29/minor-earthquake-m3-01-quake-has-struck-near-indios-in-puerto-rico/,Minor earthquake: M3.01 quake has struck near Indios in Puerto Rico,Negative,1
20191229,earthquakenewstoday.com,http://www.earthquakenewstoday.com/2019/12/29/minor-earthquake-2-83-mag-was-detected-near-guanica-in-puerto-rico/,"Minor earthquake, 2.83 mag was detected near Guanica in Puerto Rico",Neutral,1
20191229,nbcmiami.com,https://www.nbcmiami.com/news/local/4-7-magnitude-earthquake-hits-puerto-rico/2170646/,4.7 Magnitude Earthquake Hits Puerto Rico,Neutral,1
20191229,earthquakenewstoday.com,http://www.earthquakenewstoday.com/2019/12/29/minor-earthquake-3-55-mag-was-detected-near-guanica-in-puerto-rico/,"Minor earthquake, 3.55 mag was detected near Guanica in Puerto Rico",Neutral,1
20191229,earthquakenewstoday.com,http://www.earthquakenewstoday.com/2019/12/29/minor-earthquake-2-89-mag-was-detected-near-maria-antonia-in-puerto-rico/,"Minor earthquake, 2.89 mag was detected near Maria Antonia in Puerto Rico",Neutral,1
20191229,earthquakenewstoday.com,http://www.earthquakenewstoday.com/2019/12/29/minor-earthquake-m3-05-quake-has-struck-near-maria-antonia-in-puerto-rico/,Minor earthquake: M3.05 quake has struck near Maria Antonia in Puerto Rico,Negative,1
20191229,earthquakenewstoday.com,http://www.earthquakenewstoday.com/2019/12/29/minor-earthquake-m2-94-quake-has-struck-near-guanica-in-puerto-rico/,Minor earthquake: M2.94 quake has struck near Guanica in Puerto Rico,Negative,1
20191229,earthquakenewstoday.com,http://www.earthquakenewstoday.com/2019/12/29/minor-earthquake-3-09-mag-76-km-n-of-san-antonio-puerto-rico/,"Minor earthquake 3.09 mag, 76 km N of San Antonio, Puerto Rico",Neutral,1
20191229,earthquakenewstoday.com,http://www.earthquakenewstoday.com/2019/12/28/light-earthquake-4-1-mag-has-occurred-near-indios-in-puerto-rico/,"Light earthquake, 4.1 mag has occurred near Indios in Puerto Rico",Neutral,1
20191229,earthquakenewstoday.com,http://www.earthquakenewstoday.com/2019/12/29/minor-earthquake-m3-5-quake-has-struck-near-guanica-in-puerto-rico/,Minor earthquake: M3.5 quake has struck near Guanica in Puerto Rico,Negative,1
20191229,earthquakenewstoday.com,http://www.earthquakenewstoday.com/2019/12/29/moderate-earthquake-5-mag-strikes-near-indios-in-puerto-rico/,"Moderate earthquake, 5 mag strikes near Indios in Puerto Rico",Negative,1
20191229,earthquakenewstoday.com,http://www.earthquakenewstoday.com/2019/12/29/minor-earthquake-m2-95-quake-has-struck-near-guanica-in-puerto-rico/,Minor earthquake: M2.95 quake has struck near Guanica in Puerto Rico,Negative,1
20191229,earthquakenewstoday.com,http://www.earthquakenewstoday.com/2019/12/29/minor-earthquake-3-4-mag-has-occurred-near-guanica-in-puerto-rico/,"Minor earthquake, 3.4 mag has occurred near Guanica in Puerto Rico",Neutral,1
20191229,earthquakenewstoday.com,http://www.earthquakenewstoday.com/2019/12/29/moderate-earthquake-5-2-mag-has-occurred-near-indios-in-puerto-rico/,"Moderate earthquake, 5.2 mag has occurred near Indios in Puerto Rico",Neutral,1
20191229,earthquakenewstoday.com,http://www.earthquakenewstoday.com/2019/12/29/minor-earthquake-3-86-mag-13-km-s-of-indios-puerto-rico/,"Minor earthquake 3.86 mag, 13 km S of Indios, Puerto Rico",Neutral,1
20191229,earthquakenewstoday.com,http://www.earthquakenewstoday.com/2019/12/29/minor-earthquake-2-82-mag-was-detected-near-guanica-in-puerto-rico/,"Minor earthquake, 2.82 mag was detected near Guanica in Puerto Rico",Neutral,1
20191229,earthquakenewstoday.com,http://www.earthquakenewstoday.com/2019/12/29/light-earthquake-m4-9-quake-has-struck-near-tallaboa-alta-in-puerto-rico/,Light earthquake: M4.9 quake has struck near Tallaboa Alta in Puerto Rico,Negative,1
20191229,earthquakenewstoday.com,http://www.earthquakenewstoday.com/2019/12/29/minor-earthquake-3-65-mag-has-occurred-near-indios-in-puerto-rico/,"Minor earthquake, 3.65 mag has occurred near Indios in Puerto Rico",Neutral,1
20191229,earthquakenewstoday.com,http://www.earthquakenewstoday.com/2019/12/29/light-earthquake-4-3-mag-was-detected-near-indios-in-puerto-rico/,"Light earthquake, 4.3 mag was detected near Indios in Puerto Rico",Neutral,1
20191229,earthquakenewstoday.com,http://www.earthquakenewstoday.com/2019/12/29/light-earthquake-4-3-mag-has-occurred-near-indios-in-puerto-rico/,"Light earthquake, 4.3 mag has occurred near Indios in Puerto Rico",Neutral,1
20191229,earthquakenewstoday.com,http://www.earthquakenewstoday.com/2019/12/28/minor-earthquake-2-8-mag-has-occurred-near-guanica-in-puerto-rico/,"Minor earthquake, 2.8 mag has occurred near Guanica in Puerto Rico",Neutral,1
20191229,earthquakenewstoday.com,http://www.earthquakenewstoday.com/2019/12/28/minor-earthquake-m3-8-quake-has-struck-near-indios-in-puerto-rico/,Minor earthquake: M3.8 quake has struck near Indios in Puerto Rico,Negative,1
20191229,earthquakenewstoday.com,http://www.earthquakenewstoday.com/2019/12/29/light-earthquake-4-9-mag-11-km-s-of-tallaboa-puerto-rico/,"Light earthquake 4.9 mag, 11 km S of Tallaboa, Puerto Rico",Neutral,1
20191229,earthquakenewstoday.com,http://www.earthquakenewstoday.com/2019/12/29/minor-earthquake-2-86-mag-strikes-near-guanica-in-puerto-rico/,"Minor earthquake, 2.86 mag strikes near Guanica in Puerto Rico",Negative,1
20191229,earthquakenewstoday.com,http://www.earthquakenewstoday.com/2019/12/29/minor-earthquake-2-94-mag-was-detected-near-indios-in-puerto-rico/,"Minor earthquake, 2.94 mag was detected near Indios in Puerto Rico",Neutral,1
20191229,wptv.com,https://www.wptv.com/news/national/earthquake-of-magnitude-4-8-impacts-southwest-area-of-puerto-rico,Earthquake of magnitude 4.8 impacts southwest area of Puerto Rico,Neutral,1
20191229,earthquakenewstoday.com,http://www.earthquakenewstoday.com/2019/12/29/light-earthquake-4-7-mag-was-detected-near-indios-in-puerto-rico/,"Light earthquake, 4.7 mag was detected near Indios in Puerto Rico",Neutral,1
20191230,earthquakenewstoday.com,http://www.earthquakenewstoday.com/2019/12/30/minor-earthquake-2-97-mag-98-km-nw-of-san-antonio-puerto-rico/,"Minor earthquake 2.97 mag, 98 km NW of San Antonio, Puerto Rico",Neutral,1
20191230,earthquakenewstoday.com,http://www.earthquakenewstoday.com/2019/12/30/minor-earthquake-2-89-mag-was-detected-near-san-antonio-in-puerto-rico-3/,"Minor earthquake, 2.89 mag was detected near San Antonio in Puerto Rico",Neutral,1
20191230,earthquakenewstoday.com,http://www.earthquakenewstoday.com/2019/12/30/minor-earthquake-3-16-mag-has-occurred-near-san-juan-in-puerto-rico-2/,"Minor earthquake, 3.16 mag has occurred near San Juan in Puerto Rico",Neutral,1
20191230,earthquakenewstoday.com,http://www.earthquakenewstoday.com/2019/12/30/minor-earthquake-2-97-mag-strikes-near-guanica-in-puerto-rico/,"Minor earthquake, 2.97 mag strikes near Guanica in Puerto Rico",Negative,1
20191230,earthquakenewstoday.com,http://www.earthquakenewstoday.com/2019/12/29/minor-earthquake-3-2-mag-11-km-s-of-indios-puerto-rico/,"Minor earthquake 3.2 mag, 11 km S of Indios, Puerto Rico",Neutral,1
20191230,earthquakenewstoday.com,http://www.earthquakenewstoday.com/2019/12/30/minor-earthquake-3-12-mag-7-km-se-of-guanica-puerto-rico/,"Minor earthquake 3.12 mag, 7 km SE of Guanica, Puerto Rico",Neutral,1
20191231,earthquakenewstoday.com,http://www.earthquakenewstoday.com/2019/12/31/minor-earthquake-2-8-mag-8-km-sse-of-guanica-puerto-rico/,"Minor earthquake 2.8 mag, 8 km SSE of Guanica, Puerto Rico",Neutral,1
20191231,earthquakenewstoday.com,http://www.earthquakenewstoday.com/2019/12/31/minor-earthquake-3-22-mag-strikes-near-guanica-in-puerto-rico/,"Minor earthquake, 3.22 mag strikes near Guanica in Puerto Rico",Negative,1
20191231,earthquakenewstoday.com,http://www.earthquakenewstoday.com/2019/12/31/minor-earthquake-2-96-mag-91-km-nnw-of-san-antonio-puerto-rico/,"Minor earthquake 2.96 mag, 91 km NNW of San Antonio, Puerto Rico",Neutral,1
20191231,earthquakenewstoday.com,http://www.earthquakenewstoday.com/2019/12/31/minor-earthquake-m3-02-quake-has-struck-near-isabela-in-puerto-rico-3/,Minor earthquake: M3.02 quake has struck near Isabela in Puerto Rico,Negative,1
20191231,earthquakenewstoday.com,http://www.earthquakenewstoday.com/2019/12/31/minor-earthquake-3-45-mag-strikes-near-guanica-in-puerto-rico/,"Minor earthquake, 3.45 mag strikes near Guanica in Puerto Rico",Negative,1
20191231,earthquakenewstoday.com,http://www.earthquakenewstoday.com/2019/12/31/minor-earthquake-3-mag-was-detected-near-guanica-in-puerto-rico/,"Minor earthquake, 3 mag was detected near Guanica in Puerto Rico",Neutral,1
20191231,earthquakenewstoday.com,http://www.earthquakenewstoday.com/2019/12/31/minor-earthquake-2-92-mag-has-occurred-near-guanica-in-puerto-rico/,"Minor earthquake, 2.92 mag has occurred near Guanica in Puerto Rico",Neutral,1
20191231,earthquakenewstoday.com,http://www.earthquakenewstoday.com/2019/12/31/minor-earthquake-3-1-mag-9-km-se-of-guanica-puerto-rico/,"Minor earthquake 3.1 mag, 9 km SE of Guanica, Puerto Rico",Neutral,1
20191231,earthquakenewstoday.com,http://www.earthquakenewstoday.com/2019/12/31/minor-earthquake-2-83-mag-11-km-sse-of-maria-antonia-puerto-rico/,"Minor earthquake 2.83 mag, 11 km SSE of Maria Antonia, Puerto Rico",Neutral,1
20191231,earthquakenewstoday.com,http://www.earthquakenewstoday.com/2019/12/31/minor-earthquake-2-94-mag-strikes-near-guanica-in-puerto-rico/,"Minor earthquake, 2.94 mag strikes near Guanica in Puerto Rico",Negative,1
20191231,earthquakenewstoday.com,http://www.earthquakenewstoday.com/2019/12/31/minor-earthquake-m3-37-quake-has-struck-near-indios-in-puerto-rico/,Minor earthquake: M3.37 quake has struck near Indios in Puerto Rico,Negative,1
20191231,earthquakenewstoday.com,http://www.earthquakenewstoday.com/2019/12/31/minor-earthquake-3-9-mag-9-km-sse-of-guanica-puerto-rico/,"Minor earthquake 3.9 mag, 9 km SSE of Guanica, Puerto Rico",Neutral,1
20200101,earthquakenewstoday.com,http://www.earthquakenewstoday.com/2020/01/01/light-earthquake-4-4-mag-was-detected-near-puerto-rico-region/,"Light earthquake, 4.4 mag was detected near Puerto Rico region",Neutral,1
20200101,earthquakenewstoday.com,http://www.earthquakenewstoday.com/2019/12/31/light-earthquake-4-2-mag-7-km-se-of-indios-puerto-rico/,"Light earthquake 4.2 mag, 7 km SE of Indios, Puerto Rico",Neutral,1
20200101,earthquakenewstoday.com,http://www.earthquakenewstoday.com/2020/01/01/minor-earthquake-3-18-mag-strikes-near-rincon-in-puerto-rico/,"Minor earthquake, 3.18 mag strikes near Rincon in Puerto Rico",Negative,1
20200101,earthquakenewstoday.com,http://www.earthquakenewstoday.com/2019/12/31/light-earthquake-4-5-mag-has-occurred-near-maria-antonia-in-puerto-rico/,"Light earthquake, 4.5 mag has occurred near Maria Antonia in Puerto Rico",Neutral,1
20200101,earthquakenewstoday.com,http://www.earthquakenewstoday.com/2020/01/01/minor-earthquake-2-8-mag-13-km-se-of-guanica-puerto-rico/,"Minor earthquake 2.8 mag, 13 km SE of Guanica, Puerto Rico",Neutral,1
20200101,earthquakenewstoday.com,http://www.earthquakenewstoday.com/2020/01/01/minor-earthquake-3-64-mag-strikes-near-indios-in-puerto-rico/,"Minor earthquake, 3.64 mag strikes near Indios in Puerto Rico",Negative,1
20200101,earthquakenewstoday.com,http://www.earthquakenewstoday.com/2020/01/01/minor-earthquake-2-85-mag-7-km-sse-of-guanica-puerto-rico/,"Minor earthquake 2.85 mag, 7 km SSE of Guanica, Puerto Rico",Neutral,1
20200101,earthquakenewstoday.com,http://www.earthquakenewstoday.com/2020/01/01/minor-earthquake-3-5-mag-strikes-near-san-antonio-in-puerto-rico-3/,"Minor earthquake, 3.5 mag strikes near San Antonio in Puerto Rico",Negative,1
20200101,earthquakenewstoday.com,http://www.earthquakenewstoday.com/2019/12/31/light-earthquake-4-6-mag-7-km-se-of-indios-puerto-rico/,"Light earthquake 4.6 mag, 7 km SE of Indios, Puerto Rico",Neutral,1
20200101,earthquakenewstoday.com,http://www.earthquakenewstoday.com/2020/01/01/minor-earthquake-3-12-mag-strikes-near-san-juan-in-puerto-rico/,"Minor earthquake, 3.12 mag strikes near San Juan in Puerto Rico",Negative,1
20200101,earthquakenewstoday.com,http://www.earthquakenewstoday.com/2020/01/01/minor-earthquake-m2-83-quake-has-struck-near-indios-in-puerto-rico/,Minor earthquake: M2.83 quake has struck near Indios in Puerto Rico,Negative,1
20200101,earthquakenewstoday.com,http://www.earthquakenewstoday.com/2020/01/01/minor-earthquake-2-8-mag-was-detected-near-guanica-in-puerto-rico/,"Minor earthquake, 2.8 mag was detected near Guanica in Puerto Rico",Neutral,1
20200101,earthquakenewstoday.com,http://www.earthquakenewstoday.com/2020/01/01/minor-earthquake-3-53-mag-64-km-nw-of-san-antonio-puerto-rico/,"Minor earthquake 3.53 mag, 64 km NW of San Antonio, Puerto Rico",Neutral,1
20200101,earthquakenewstoday.com,http://www.earthquakenewstoday.com/2020/01/01/minor-earthquake-3-09-mag-was-detected-near-indios-in-puerto-rico/,"Minor earthquake, 3.09 mag was detected near Indios in Puerto Rico",Neutral,1
20200101,earthquakenewstoday.com,http://www.earthquakenewstoday.com/2020/01/01/minor-earthquake-2-81-mag-was-detected-near-guanica-in-puerto-rico/,"Minor earthquake, 2.81 mag was detected near Guanica in Puerto Rico",Neutral,1
20200101,earthquakenewstoday.com,http://www.earthquakenewstoday.com/2020/01/01/minor-earthquake-2-89-mag-8-km-sse-of-maria-antonia-puerto-rico/,"Minor earthquake 2.89 mag, 8 km SSE of Maria Antonia, Puerto Rico",Neutral,1
20200102,earthquakenewstoday.com,http://www.earthquakenewstoday.com/2020/01/02/minor-earthquake-2-8-mag-strikes-near-guanica-in-puerto-rico/,"Minor earthquake, 2.8 mag strikes near Guanica in Puerto Rico",Negative,1
20200102,earthquakenewstoday.com,http://www.earthquakenewstoday.com/2020/01/02/minor-earthquake-m2-81-quake-has-struck-near-indios-in-puerto-rico/,Minor earthquake: M2.81 quake has struck near Indios in Puerto Rico,Negative,1
20200102,earthquakenewstoday.com,http://www.earthquakenewstoday.com/2020/01/02/minor-earthquake-m3-12-quake-has-struck-near-guanica-in-puerto-rico/,Minor earthquake: M3.12 quake has struck near Guanica in Puerto Rico,Negative,1
20200102,earthquakenewstoday.com,http://www.earthquakenewstoday.com/2020/01/01/minor-earthquake-3-24-mag-has-occurred-near-san-antonio-in-puerto-rico/,"Minor earthquake, 3.24 mag has occurred near San Antonio in Puerto Rico",Neutral,1
20200102,earthquakenewstoday.com,http://www.earthquakenewstoday.com/2020/01/02/minor-earthquake-3-5-mag-9-km-sse-of-guanica-puerto-rico/,"Minor earthquake 3.5 mag, 9 km SSE of Guanica, Puerto Rico",Neutral,1
20200102,earthquakenewstoday.com,http://www.earthquakenewstoday.com/2020/01/02/minor-earthquake-3-16-mag-has-occurred-near-san-antonio-in-puerto-rico-4/,"Minor earthquake, 3.16 mag has occurred near San Antonio in Puerto Rico",Neutral,1
20200103,earthquakenewstoday.com,http://www.earthquakenewstoday.com/2020/01/03/minor-earthquake-m3-18-quake-has-struck-near-indios-in-puerto-rico/,Minor earthquake: M3.18 quake has struck near Indios in Puerto Rico,Negative,1
20200103,earthquakenewstoday.com,http://www.earthquakenewstoday.com/2020/01/02/minor-earthquake-3-9-mag-was-detected-near-guanica-in-puerto-rico/,"Minor earthquake, 3.9 mag was detected near Guanica in Puerto Rico",Neutral,1
20200103,earthquakenewstoday.com,http://www.earthquakenewstoday.com/2020/01/02/minor-earthquake-2-84-mag-9-km-s-of-indios-puerto-rico/,"Minor earthquake 2.84 mag, 9 km S of Indios, Puerto Rico",Neutral,1
20200103,earthquakenewstoday.com,http://www.earthquakenewstoday.com/2020/01/03/minor-earthquake-2-99-mag-has-occurred-near-indios-in-puerto-rico/,"Minor earthquake, 2.99 mag has occurred near Indios in Puerto Rico",Neutral,1
20200103,earthquakenewstoday.com,http://www.earthquakenewstoday.com/2020/01/03/light-earthquake-4-8-mag-13-km-s-of-indios-puerto-rico/,"Light earthquake 4.8 mag, 13 km S of Indios, Puerto Rico",Neutral,1
20200103,earthquakenewstoday.com,http://www.earthquakenewstoday.com/2020/01/02/light-earthquake-4-5-mag-was-detected-near-indios-in-puerto-rico/,"Light earthquake, 4.5 mag was detected near Indios in Puerto Rico",Neutral,1
20200103,earthquakenewstoday.com,http://www.earthquakenewstoday.com/2020/01/03/light-earthquake-4-9-mag-12-km-sse-of-indios-puerto-rico/,"Light earthquake 4.9 mag, 12 km SSE of Indios, Puerto Rico",Neutral,1
20200103,earthquakenewstoday.com,http://www.earthquakenewstoday.com/2020/01/02/light-earthquake-m4-8-quake-has-struck-near-indios-in-puerto-rico-2/,Light earthquake: M4.8 quake has struck near Indios in Puerto Rico,Negative,1
20200103,earthquakenewstoday.com,http://www.earthquakenewstoday.com/2020/01/02/light-earthquake-m4-9-quake-has-struck-near-indios-in-puerto-rico/,Light earthquake: M4.9 quake has struck near Indios in Puerto Rico,Negative,1
20200103,earthquakenewstoday.com,http://www.earthquakenewstoday.com/2020/01/02/minor-earthquake-3-15-mag-7-km-se-of-guanica-puerto-rico/,"Minor earthquake 3.15 mag, 7 km SE of Guanica, Puerto Rico",Neutral,1
20200103,earthquakenewstoday.com,http://www.earthquakenewstoday.com/2020/01/02/minor-earthquake-3-mag-has-occurred-near-indios-in-puerto-rico/,"Minor earthquake, 3 mag has occurred near Indios in Puerto Rico",Neutral,1
20200103,earthquakenewstoday.com,http://www.earthquakenewstoday.com/2020/01/03/minor-earthquake-3-06-mag-11-km-s-of-indios-puerto-rico/,"Minor earthquake 3.06 mag, 11 km S of Indios, Puerto Rico",Neutral,1
20200103,earthquakenewstoday.com,http://www.earthquakenewstoday.com/2020/01/03/minor-earthquake-2-98-mag-68-km-nnw-of-san-antonio-puerto-rico/,"Minor earthquake 2.98 mag, 68 km NNW of San Antonio, Puerto Rico",Neutral,1
20200103,earthquakenewstoday.com,http://www.earthquakenewstoday.com/2020/01/03/minor-earthquake-3-6-mag-strikes-near-indios-in-puerto-rico/,"Minor earthquake, 3.6 mag strikes near Indios in Puerto Rico",Negative,1
20200104,earthquakenewstoday.com,http://www.earthquakenewstoday.com/2020/01/04/minor-earthquake-2-95-mag-was-detected-near-isabela-in-puerto-rico-3/,"Minor earthquake, 2.95 mag was detected near Isabela in Puerto Rico",Neutral,1
20200104,earthquakenewstoday.com,http://www.earthquakenewstoday.com/2020/01/04/minor-earthquake-m2-81-quake-has-struck-near-maria-antonia-in-puerto-rico/,Minor earthquake: M2.81 quake has struck near Maria Antonia in Puerto Rico,Negative,1
20200104,earthquakenewstoday.com,http://www.earthquakenewstoday.com/2020/01/04/minor-earthquake-3-02-mag-was-detected-near-san-antonio-in-puerto-rico-6/,"Minor earthquake, 3.02 mag was detected near San Antonio in Puerto Rico",Neutral,1
20200105,earthquakenewstoday.com,http://www.earthquakenewstoday.com/2020/01/04/minor-earthquake-3-06-mag-93-km-nw-of-san-antonio-puerto-rico/,"Minor earthquake 3.06 mag, 93 km NW of San Antonio, Puerto Rico",Neutral,1
20200105,earthquakenewstoday.com,http://www.earthquakenewstoday.com/2020/01/05/minor-earthquake-2-93-mag-was-detected-near-isabela-in-puerto-rico-2/,"Minor earthquake, 2.93 mag was detected near Isabela in Puerto Rico",Neutral,1
20200105,earthquakenewstoday.com,http://www.earthquakenewstoday.com/2020/01/04/minor-earthquake-m2-84-quake-has-struck-near-guanica-in-puerto-rico/,Minor earthquake: M2.84 quake has struck near Guanica in Puerto Rico,Negative,1
20200105,earthquakenewstoday.com,http://www.earthquakenewstoday.com/2020/01/05/minor-earthquake-2-95-mag-strikes-near-san-antonio-in-puerto-rico-8/,"Minor earthquake, 2.95 mag strikes near San Antonio in Puerto Rico",Negative,1
20200105,earthquakenewstoday.com,http://www.earthquakenewstoday.com/2020/01/04/minor-earthquake-m2-86-quake-has-struck-near-san-antonio-in-puerto-rico-12/,Minor earthquake: M2.86 quake has struck near San Antonio in Puerto Rico,Negative,1
20200106,fox29.com,https://www.fox29.com/news/earthquake-jolts-puerto-rico,Earthquake jolts Puerto Rico,Neutral,1
20200106,earthquakenewstoday.com,http://www.earthquakenewstoday.com/2020/01/06/moderate-earthquake-m5-quake-has-struck-near-tallaboa-in-puerto-rico/,Moderate earthquake: M5 quake has struck near Tallaboa in Puerto Rico,Negative,1
20200106,earthquakenewstoday.com,http://www.earthquakenewstoday.com/2020/01/06/minor-earthquake-2-92-mag-was-detected-near-indios-in-puerto-rico/,"Minor earthquake, 2.92 mag was detected near Indios in Puerto Rico",Neutral,1
20200106,mycentraloregon.com,https://www.mycentraloregon.com/2020/01/06/5-8-magnitude-earthquake-rocks-puerto-rico/,5.8 magnitude earthquake rocks Puerto Rico,Neutral,1
20200106,wifr.com,https://www.wifr.com/content/news/Earthquake-Hits-Puerto-Rico-Monday-Morning-566745401.html,Earthquake Hits Puerto Rico Monday Morning,Neutral,1
20200106,usgs.gov,https://www.usgs.gov/news/magnitude-58-earthquake-puerto-rico,Magnitude 6.4 Earthquake in Puerto Rico,Neutral,1
20200106,earthquakenewstoday.com,http://www.earthquakenewstoday.com/2020/01/06/minor-earthquake-3-32-mag-strikes-near-isabela-in-puerto-rico/,"Minor earthquake, 3.32 mag strikes near Isabela in Puerto Rico",Negative,1
20200106,wrcbtv.com,https://www.wrcbtv.com/story/41523432/puerto-rico-hit-with-a-magnitude58-earthquake,UPDATE: Puerto Rico hit with a magnitude-5.7 earthquake,Neutral,1
20200106,tampabay.com,https://www.tampabay.com/news/nation-world/2020/01/06/58-magnitude-earthquake-strikes-puerto-rico-damage-reported/,"5.8-magnitude earthquake strikes Puerto Rico, damage reported",Negative,1
20200106,wbrz.com,http://www.wbrz.com/news/earthquake-strikes-southern-puerto-rico-early-monday-morning,"Earthquake strikes southern Puerto Rico, early Monday morning",Negative,1
20200106,nytimes.com,https://www.nytimes.com/2020/01/06/us/puerto-rico-earthquake.html,"Earthquake Strikes Puerto Rico, Toppling a Well-Known Natural Wonder",Neutral,1
20200106,globalnews.ca,https://globalnews.ca/news/6370730/earthquake-puerto-rico-landslides/,"Puerto Rico hit with 5.8 magnitude earthquake, damage reported - National",Negative,1
20200106,digitaljournal.com,http://www.digitaljournal.com/news/world/puerto-rico-rocked-by-magnitude-5-8-earthquake-early-this-morning/article/564704,Puerto Rico rocked by magnitude 5.8 earthquake early this morning,Neutral,1
20200106,wtsp.com,https://www.wtsp.com/article/news/nation-world/puerto-rico-earthquake-punta-ventana/67-6d429bc3-9532-4383-bd52-c5cf045d975c,Earthquake topples natural wonder Punta Ventana in Puerto Rico,Positive,1
20200106,watchers.news,https://watchers.news/2020/01/06/earthquake-swarm-puerto-rico-january-2020/,"Intense earthquake swarm shaking southern Puerto Rico, damage reported after today’s M5.8",Negative,1
20200106,cbsnews.com,https://www.cbsnews.com/news/puerto-rico-earthquake-5-7-magnitude-quake-strikes-just-south-of-the-island-today-live-updates/,"Strong earthquake jolts Puerto Rico, causing damage and ""state of panic""",Negative,1
20200106,foxla.com,https://www.foxla.com/news/iconic-natural-wonder-punta-ventana-collapses-in-puerto-rico-amid-5-8-magnitude-earthquake,Iconic natural wonder Punta Ventana collapses in Puerto Rico amid 5.8 magnitude earthquake,Positive,1
20200106,infotel.ca,https://infotel.ca/newsitem/cb-puerto-rico-earthquake/cp313219183,6.4 quake strikes Puerto Rico amid heavy seismic activity,Negative,1
20200106,upi.com,https://www.upi.com/Top_News/US/2020/01/06/Natural-landmark-collapses-as-58-magnitude-earthquake-jolts-Puerto-Rico/2281578315941/,Natural landmark collapses as 5.8-magnitude earthquake jolts Puerto Rico,Positive,1
20200106,wqad.com,https://wqad.com/2020/01/06/puerto-rico-rocked-by-a-magnitude-5-8-earthquake-with-more-tremors-expected/,"Puerto Rico rocked by a magnitude 6.4 earthquake, a day after another quake rocked the island",Neutral,1
20200106,nypost.com,https://nypost.com/2020/01/06/puerto-rico-hit-by-5-8-magnitude-earthquake-causing-power-outrages-and-damage/,"Puerto Rico hit by 5.8-magnitude earthquake, causing power outages and damage",Negative,1
20200106,pennlive.com,https://www.pennlive.com/nation-world/2020/01/57-magnitude-earthquake-hits-puerto-rico.html,5.7-magnitude earthquake hits Puerto Rico,Neutral,1
20200106,orlandosentinel.com,http://www.orlandosentinel.com/news/nationworld/os-ne-puerto-rico-earthquake-20200106-rpwidxvfm5afph5r5sx24g6gxa-story.html,Puerto Rico struck by 5.8 magnitude earthquake,Negative,1
20200106,earthquakenewstoday.com,http://www.earthquakenewstoday.com/2020/01/06/minor-earthquake-3-15-mag-was-detected-near-maria-antonia-in-puerto-rico/,"Minor earthquake, 3.15 mag was detected near Maria Antonia in Puerto Rico",Neutral,1
20200106,earthquakenewstoday.com,http://www.earthquakenewstoday.com/2020/01/06/light-earthquake-4-2-mag-strikes-near-yauco-in-puerto-rico/,"Light earthquake, 4.2 mag strikes near Yauco in Puerto Rico",Negative,1
20200106,680news.com,https://www.680news.com/2020/01/06/earthquake-puerto-rico/,"5.7-magnitude quake strikes Puerto Rico, damage reported",Negative,1
20200106,earthquakenewstoday.com,http://www.earthquakenewstoday.com/2020/01/06/minor-earthquake-3-57-mag-strikes-near-maria-antonia-in-puerto-rico/,"Minor earthquake, 3.57 mag strikes near Maria Antonia in Puerto Rico",Negative,1
20200106,ksat.com,https://www.ksat.com/news/national/2020/01/06/puerto-rico-rocked-by-a-magnitude-58-earthquake-with-more-tremors-expected/,"Puerto Rico rocked by a magnitude 5.8 earthquake, with more tremors expected",Neutral,1
20200106,baltimoresun.com,http://www.baltimoresun.com/news/nation-world/ct-nw-nyt-puerto-rico-earthquake-punta-ventana-20200106-lf32xkv4zvdefd5jtymi7igv7m-story.html,"Earthquake strikes Puerto Rico, toppling a well-known natural wonder",Neutral,1
20200106,weny.com,https://www.weny.com/story/41527131/puerto-rico-hit-with-58-magnitude-earthquake,Puerto Rico hit with 5.8 magnitude earthquake,Neutral,1
20200106,earthquakenewstoday.com,http://www.earthquakenewstoday.com/2020/01/06/minor-earthquake-3-05-mag-has-occurred-near-guanica-in-puerto-rico/,"Minor earthquake, 3.05 mag has occurred near Guanica in Puerto Rico",Neutral,1
20200106,nbcnews.com,https://www.nbcnews.com/news/us-news/earthquake-hits-puerto-rico-island-jolted-5-7-magnitude-quake-n1111046?cid=public-rss_20200106,"Earthquake hits Puerto Rico, island jolted by 5.8 magnitude quake",Neutral,1
20200106,cnn.com,https://www.cnn.com/2020/01/06/us/puerto-rico-earthquake/,"Puerto Rico earthquake: A magnitude 5.8 earthquake strikes the island, with more tremors expected",Negative,1
20200106,earthquakenewstoday.com,http://www.earthquakenewstoday.com/2020/01/06/minor-earthquake-3-06-mag-strikes-near-indios-in-puerto-rico/,"Minor earthquake, 3.06 mag strikes near Indios in Puerto Rico",Negative,1
20200106,earthquakenewstoday.com,http://www.earthquakenewstoday.com/2020/01/06/light-earthquake-m4-9-quake-has-struck-near-tallaboa-in-puerto-rico/,Light earthquake: M4.9 quake has struck near Tallaboa in Puerto Rico,Negative,1
20200106,earthquakenewstoday.com,http://www.earthquakenewstoday.com/2020/01/06/minor-earthquake-3-17-mag-9-km-sse-of-indios-puerto-rico/,"Minor earthquake 3.17 mag, 9 km SSE of Indios, Puerto Rico",Neutral,1
20200106,earthquakenewstoday.com,http://www.earthquakenewstoday.com/2020/01/06/minor-earthquake-m2-97-quake-has-struck-near-san-antonio-in-puerto-rico-3/,Minor earthquake: M2.97 quake has struck near San Antonio in Puerto Rico,Negative,1
20200106,newsmax.com,https://www.newsmax.com/newsfront/puerto-rico-earthquake/2020/01/06/id/948510/,"5.7-magnitude Quake Strikes Puerto Rico, Damage Reported",Negative,1
20200106,earthquakenewstoday.com,http://www.earthquakenewstoday.com/2020/01/05/minor-earthquake-m3-46-quake-has-struck-near-san-juan-in-puerto-rico/,Minor earthquake: M3.46 quake has struck near San Juan in Puerto Rico,Negative,1
20200106,earthquakenewstoday.com,http://www.earthquakenewstoday.com/2020/01/06/moderate-earthquake-5-7-mag-has-occurred-near-indios-in-puerto-rico/,"Moderate earthquake, 5.7 mag has occurred near Indios in Puerto Rico",Neutral,1
20200106,timesnownews.com,https://www.timesnownews.com/international/article/earthquake-of-5-7-magnitude-jolts-puerto-rico-damage-reported/536413,"Earthquake of 5.7 magnitude jolts Puerto Rico, damage reported",Negative,1
20200106,nydailynews.com,http://www.nydailynews.com/news/world/ny-puerto-rico-hit-by-strong-earthquake-20200106-kxfi4w5zwrgx7banm64nmmmx4a-story.html,"5.8-magnitude earthquake hits Puerto Rico, destroys iconic Punta Ventana stone arch",Negative,1
20200106,earthquakenewstoday.com,http://www.earthquakenewstoday.com/2020/01/06/minor-earthquake-m3-02-quake-has-struck-near-indios-in-puerto-rico/,Minor earthquake: M3.02 quake has struck near Indios in Puerto Rico,Negative,1
20200106,wgbh.org,https://www.wgbh.org/news/national-news/2020/01/06/earthquake-hits-puerto-rico-and-collapses-punta-ventana-a-landmark-coastal-arch,Earthquake Hits Puerto Rico And Collapses Punta Ventana — A Landmark Coastal Arch,Negative,1
20200106,earthquakenewstoday.com,http://www.earthquakenewstoday.com/2020/01/06/minor-earthquake-3-03-mag-strikes-near-indios-in-puerto-rico/,"Minor earthquake, 3.03 mag strikes near Indios in Puerto Rico",Negative,1
20200106,earthquakenewstoday.com,http://www.earthquakenewstoday.com/2020/01/06/light-earthquake-4-2-mag-was-detected-near-guanica-in-puerto-rico/,"Light earthquake, 4.2 mag was detected near Guanica in Puerto Rico",Neutral,1
20200106,earthquakenewstoday.com,http://www.earthquakenewstoday.com/2020/01/06/minor-earthquake-2-9-mag-has-occurred-near-guanica-in-puerto-rico/,"Minor earthquake, 2.9 mag has occurred near Guanica in Puerto Rico",Neutral,1
20200106,suntimes.com,https://chicago.suntimes.com/2020/1/6/21051644/puerto-rico-earthquake-damage,5.8-magnitude quake strikes Puerto Rico,Negative,1
20200106,earthquakenewstoday.com,http://www.earthquakenewstoday.com/2020/01/06/minor-earthquake-m2-88-quake-has-struck-near-indios-in-puerto-rico/,Minor earthquake: M2.88 quake has struck near Indios in Puerto Rico,Negative,1
20200106,iheart.com,https://woai.iheart.com/content/2020-01-06-earthquake-rocks-puerto-rico/,Earthquake Rocks Puerto Rico,Neutral,1
20200106,latinpost.com,http://www.latinpost.com/articles/143177/20200106/puerto-rico-hit-by-5-8-magnitude-earthquake.htm,Puerto Rico Hit by 5.8-Magnitude Earthquake,Neutral,1
20200106,earthquakenewstoday.com,http://www.earthquakenewstoday.com/2020/01/06/moderate-earthquake-5-8-mag-was-detected-near-indios-in-puerto-rico/,"Moderate earthquake, 5.8 mag was detected near Indios in Puerto Rico",Neutral,1
20200106,earthquakenewstoday.com,http://www.earthquakenewstoday.com/2020/01/06/moderate-earthquake-5-1-mag-strikes-near-tallaboa-in-puerto-rico/,"Moderate earthquake, 5.1 mag strikes near Tallaboa in Puerto Rico",Negative,1
20200106,earthquakenewstoday.com,http://www.earthquakenewstoday.com/2020/01/05/minor-earthquake-3-6-mag-115-km-n-of-brenas-puerto-rico/,"Minor earthquake 3.6 mag, 115 km N of Brenas, Puerto Rico",Neutral,1
20200106,earthquakenewstoday.com,http://www.earthquakenewstoday.com/2020/01/06/light-earthquake-4-mag-5-km-ssw-of-indios-puerto-rico/,"Light earthquake 4 mag, 5 km SSW of Indios, Puerto Rico",Neutral,1
20200106,earthquakenewstoday.com,http://www.earthquakenewstoday.com/2020/01/06/minor-earthquake-3-9-mag-has-occurred-near-maria-antonia-in-puerto-rico/,"Minor earthquake, 3.9 mag has occurred near Maria Antonia in Puerto Rico",Neutral,1
20200106,latimes.com,https://www.latimes.com/world-nation/story/2020-01-06/puerto-rico-earthquake,Magnitude 5.8 quake strikes Puerto Rico; damage reported,Negative,1
20200106,wbal.com,https://www.wbal.com/article/429203/3/58-magnitude-earthquake-rocks-puerto-rico,5.8 Magnitude Earthquake Rocks Puerto Rico,Neutral,1
20200107,earthquakenewstoday.com,http://www.earthquakenewstoday.com/2020/01/07/light-earthquake-m4-7-quake-has-struck-near-tallaboa-in-puerto-rico/,Light earthquake: M4.7 quake has struck near Tallaboa in Puerto Rico,Negative,1
20200107,earthquakenewstoday.com,http://www.earthquakenewstoday.com/2020/01/07/light-earthquake-4-6-mag-has-occurred-near-indios-in-puerto-rico/,"Light earthquake, 4.6 mag has occurred near Indios in Puerto Rico",Neutral,1
20200107,digitaljournal.com,http://www.digitaljournal.com/news/world/magnitude-6-5-earthquake-hits-off-puerto-rico-usgs/article/564761,6.4 magnitude quake leaves one dead in Puerto Rico: media,Negative,1
20200107,armstrongeconomics.com,https://www.armstrongeconomics.com/international-news/nature/puerto-rico-earthquake/,Puerto Rico Earthquake,Neutral,1
20200107,earthquakenewstoday.com,http://www.earthquakenewstoday.com/2020/01/07/minor-earthquake-3-29-mag-strikes-near-indios-in-puerto-rico/,"Minor earthquake, 3.29 mag strikes near Indios in Puerto Rico",Negative,1
20200107,fox5ny.com,https://www.fox5ny.com/news/island-wide-power-outage-after-earthquake-hits-puerto-rico,Deadly quake strikes Puerto Rico amid heavy seismic activity,Negative,1
20200107,earthquakenewstoday.com,http://www.earthquakenewstoday.com/2020/01/07/minor-earthquake-3-8-mag-strikes-near-indios-in-puerto-rico/,"Minor earthquake, 3.8 mag strikes near Indios in Puerto Rico",Negative,1
20200107,azcentral.com,https://www.azcentral.com/story/news/nation/2020/01/07/puerto-rico-earthquake/2830673001/,"'I didn’t think we'd get out': 6.4 magnitude earthquake leaves 1 dead, power out across Puerto Rico",Negative,1
20200107,oregonlive.com,https://www.oregonlive.com/nation/2020/01/64-earthquake-strikes-puerto-rico-amid-heavy-seismic-activity.html,6.4 earthquake strikes Puerto Rico amid heavy seismic activity,Negative,1
20200107,digitaljournal.com,http://www.digitaljournal.com/news/world/second-earthquake-hits-puerto-rico-causing-death-and-injuries/article/564771,"Second Earthquake hits Puerto Rico, causing death and injuries",Negative,1
20200107,nbcmiami.com,https://www.nbcmiami.com/news/national-international/6-6-magnitude-earthquake-strikes-puerto-rico/2173883/,"6.4 Quake Hits Puerto Rico Amid Heavy Seismic Activity, 1 Killed",Negative,1
20200107,tennessean.com,https://www.tennessean.com/story/news/world/2020/01/07/puerto-rico-earthquake-6-4-magnitude-tsunami-alert/2830803001/,"6.4 earthquake hits Puerto Rico, among the largest in series of quakes to hit island in recent days",Neutral,1
20200107,pulse.com.gh,https://www.pulse.com.gh/the-new-york-times/world/puerto-rico-governor-declares-emergency-after-new-64-earthquake/3t76mew,Puerto Rico Governor Declares Emergency After New 6.4 Earthquake,Negative,1
20200107,whyy.org,https://whyy.org/articles/puerto-rico-hit-by-a-6-4-magnitude-earthquake-amid-seismic-activity/,Puerto Rico hit by a 6.4-magnitude earthquake amid seismic activity,Neutral,1
20200107,earthquakenewstoday.com,http://www.earthquakenewstoday.com/2020/01/07/minor-earthquake-3-8-mag-strikes-near-puerto-rico/,"Minor earthquake, 3.8 mag strikes near Puerto Rico",Negative,1
20200107,dailymail.co.uk,https://www.dailymail.co.uk/news/article-7860019/Powerful-6-6-magnitude-earthquake-strikes-Puerto-Rico.html,Powerful 6.4-magnitude earthquake strikes off Puerto Rico,Positive,1
20200107,news12.com,http://westchester.news12.com/story/41531332/photos-earthquake-damage-in-puerto-rico,PHOTOS: Earthquake damage in Puerto Rico,Negative,1
20200107,inquirer.com,https://www.inquirer.com/news/nation-world/puerto-rico-earthquake-heavy-seismic-activity-20200107.html,Earthquake in Puerto Rico kills 1 and collapses buildings,Negative,1
20200107,newsy.com,https://www.newsy.com/stories/one-dead-after-another-earthquake-hits-puerto-rico/,"Another Earthquake Hits Puerto Rico, Killing One",Negative,1
20200107,democratandchronicle.com,https://www.democratandchronicle.com/story/news/2020/01/07/puerto-rico-earthquake-rochester-ny-residents-worry-about-loved-ones/2831132001/,Rochesterians worry about loved ones after 6.4 magnitude earthquake strikes Puerto Rico,Negative,0
20200107,earthquakenewstoday.com,http://www.earthquakenewstoday.com/2020/01/07/light-earthquake-4-4-mag-2-km-s-of-tallaboa-puerto-rico/,"Light earthquake 4.4 mag, 2 km S of Tallaboa, Puerto Rico",Neutral,1
20200107,theguardian.com,https://www.theguardian.com/world/2020/jan/07/puerto-rico-state-emergency-most-powerful-earthquake-100-years,Puerto Rico in state of emergency after most powerful quake in over 100 years,Positive,1
20200107,nydailynews.com,http://www.nydailynews.com/news/world/ny-puerto-rico-largest-earthquake-series-tremors-20200107-j74sxgfalfbd3jmp44gur72ldu-story.html,"Massive 6.4-magnitude earthquake rocks Puerto Rico, killing at least 1 person",Negative,1
20200107,earthquakenewstoday.com,http://www.earthquakenewstoday.com/2020/01/07/minor-earthquake-3-9-mag-17-km-s-of-indios-puerto-rico/,"Minor earthquake 3.9 mag, 17 km S of Indios, Puerto Rico",Neutral,1
20200107,earthquakenewstoday.com,http://www.earthquakenewstoday.com/2020/01/07/light-earthquake-4-4-mag-4-km-sw-of-tallaboa-puerto-rico/,"Light earthquake 4.4 mag, 4 km SW of Tallaboa, Puerto Rico",Neutral,1
20200107,matadornetwork.com,https://matadornetwork.com/read/earthquake-puerto-rico/,"5.8-Magnitude Earthquake Hits Puerto Rico, Damages Homes and Tourist Attraction",Neutral,1
20200107,france24.com,https://www.france24.com/en/20200107-magnitude-6-5-earthquake-hits-off-puerto-rico-usgs,Magnitude 6.5 earthquake hits off Puerto Rico: USGS,Neutral,1
20200107,cbsnews.com,https://www.cbsnews.com/news/puerto-rico-earthquake-strong-quake-knocks-out-power-island-wide-today-2020-01-07-live-updates/,"Deadly earthquake rocks Puerto Rico, causing widespread power outage",Neutral,1
20200107,express.co.uk,https://www.express.co.uk/news/world/1224941/puerto-rico-earthquake-sismo-san-juan-earthquake-USGS-emsc-csem,Puerto Rico earthquake: Huge 6.6 quake rocks Caribbean island killing at least one person,Negative,1
20200107,earthquakenewstoday.com,http://www.earthquakenewstoday.com/2020/01/07/minor-earthquake-2-98-mag-has-occurred-near-indios-in-puerto-rico/,"Minor earthquake, 2.98 mag has occurred near Indios in Puerto Rico",Neutral,1
20200107,iheart.com,https://wgci.iheart.com/content/2020-01-07-a-64-magnitude-earthquake-has-hit-puerto-rico-2nd-earthquake-in-2-days/,A 6.4 Magnitude Earthquake Has Hit Puerto Rico! 2nd Earthquake In 2 Days!,Neutral,1
20200107,americanmilitarynews.com,https://americanmilitarynews.com/2020/01/6-4-earthquake-hits-puerto-rico-island-wide-power-outages-us-military-deployed/,6.4 earthquake hits Puerto Rico; island-wide power outages; US military deployed,Neutral,1
20200107,earthquakenewstoday.com,http://www.earthquakenewstoday.com/2020/01/07/light-earthquake-4-2-mag-0-km-ssw-of-magas-arriba-puerto-rico/,"Light earthquake 4.2 mag, 0 km SSW of Magas Arriba, Puerto Rico",Neutral,1
20200107,earthquakenewstoday.com,http://www.earthquakenewstoday.com/2020/01/07/light-earthquake-4-6-mag-has-occurred-near-penuelas-in-puerto-rico/,"Light earthquake, 4.6 mag has occurred near Penuelas in Puerto Rico",Neutral,1
20200107,theepochtimes.com,https://www.theepochtimes.com/puerto-rico-struck-by-6-4-magnitude-earthquake_3196126.html,Puerto Rico Declares State of Emergency Following Earthquake,Negative,1
20200107,newsy.com,https://www.newsy.com/stories/5-8-magnitude-earthquake-hits-puerto-rico/,5.8 Magnitude Earthquake Hits Puerto Rico,Neutral,1
20200107,cnn.com,https://www.cnn.com/2020/01/07/us/puerto-rico-earthquake-tuesday/,Puerto Rico earthquake: Residents fear tremors will bring more destruction,Negative,1
20200107,georgeherald.com,https://www.georgeherald.com/News/Article/International/magnitude-6-5-earthquake-hits-off-puerto-rico-usgs-202001070240,Magnitude 6.5 earthquake hits off Puerto Rico – USGS,Neutral,1
20200107,clickorlando.com,https://www.clickorlando.com/weather-news/2020/01/07/heres-why-puerto-rico-is-experiencing-so-many-earthquakes/,Puerto Rico rocked by another 6.0 quake,Neutral,1
20200107,earthquakenewstoday.com,http://www.earthquakenewstoday.com/2020/01/07/minor-earthquake-3-5-mag-was-detected-near-tallaboa-in-puerto-rico/,"Minor earthquake, 3.5 mag was detected near Tallaboa in Puerto Rico",Neutral,1
20200107,chapelboro.com,https://chapelboro.com/world-news/6-4-earthquake-strikes-puerto-rico-amid-heavy-seismic-activity,6.4 Earthquake Strikes Puerto Rico Amid Heavy Seismic Activity,Negative,1
20200107,washingtonpost.com,https://www.washingtonpost.com/national/strong-earthquake-destroys-natural-wonder-homes-in-puerto-rico-town/2020/01/06/5f0f78ea-30d5-11ea-a053-dc6d944ba776_story.html,"Strong earthquake destroys natural wonder, homes in Puerto Rico town",Positive,1
20200107,blackamericaweb.com,https://blackamericaweb.com/2020/01/07/power-outages-across-puerto-rico-as-6-4-earthquake-hits/,Power Outages Across Puerto Rico As 6.4 Earthquake Hits,Neutral,1
20200107,eastidahonews.com,https://www.eastidahonews.com/2020/01/a-6-4-magnitude-earthquake-hits-puerto-rico-on-a-second-day-of-strong-temblors-at-least-1-killed/,A 6.4 magnitude earthquake hits Puerto Rico on a second day of strong temblors; at least 1 killed,Negative,1
20200107,earthquakenewstoday.com,http://www.earthquakenewstoday.com/2020/01/07/minor-earthquake-2-85-mag-strikes-near-guanica-in-puerto-rico/,"Minor earthquake, 2.85 mag strikes near Guanica in Puerto Rico",Negative,1
20200107,fox13now.com,https://fox13now.com/2020/01/07/6-4-magnitude-earthquake-hits-puerto-rico-on-a-second-day-of-strong-temblors-at-least-1-killed/,6.4 magnitude earthquake hits Puerto Rico on a second day of strong temblors; at least 1 killed,Negative,1
20200107,earthquakenewstoday.com,http://www.earthquakenewstoday.com/2020/01/06/light-earthquake-m4-4-quake-has-struck-near-indios-in-puerto-rico/,Light earthquake: M4.4 quake has struck near Indios in Puerto Rico,Negative,1
20200107,politicaldog101.com,https://politicaldog101.com/2020/01/puerto-rico-has-a-6-4-magnitude-earthquake/,Puerto Rico has a 6.4 magnitude earthquake….,Neutral,1
20200107,earthquakenewstoday.com,http://www.earthquakenewstoday.com/2020/01/07/light-earthquake-4-4-mag-strikes-near-tallaboa-in-puerto-rico/,"Light earthquake, 4.4 mag strikes near Tallaboa in Puerto Rico",Negative,1
20200107,fox35orlando.com,https://www.fox35orlando.com/news/central-florida-ready-to-help-after-another-earthquake-hits-puerto-rico,Central Florida ready to help after another earthquake hits Puerto Rico,Positive,1
20200107,earthquakenewstoday.com,http://www.earthquakenewstoday.com/2020/01/07/light-earthquake-4-6-mag-has-occurred-near-tallaboa-alta-in-puerto-rico/,"Light earthquake, 4.6 mag has occurred near Tallaboa Alta in Puerto Rico",Neutral,1
20200107,fox61.com,https://fox61.com/2020/01/07/a-6-4-magnitude-earthquake-hit-puerto-rico-a-day-after-another-quake-rocked-the-island/,A 6.4 magnitude earthquake hit Puerto Rico a day after another quake rocked the island,Neutral,1
20200107,ksby.com,https://www.ksby.com/news/6-4-magnitude-earthquake-hits-puerto-rico,6.4-magnitude earthquake hits Puerto Rico,Neutral,1
20200107,inquirer.com,https://www.inquirer.com/news/puerto-rico-earthquake-how-to-help-donate-donations-20200107.html,Puerto Rico earthquake: How to help,Positive,1
20200107,earthquakenewstoday.com,http://www.earthquakenewstoday.com/2020/01/07/minor-earthquake-3-7-mag-was-detected-near-indios-in-puerto-rico/,"Minor earthquake, 3.7 mag was detected near Indios in Puerto Rico",Neutral,1
20200107,indiatvnews.com,https://www.indiatvnews.com/news/world/puerto-rico-earthquake-damage-photos-punta-ventana-576993,"Powerful earthquake destroys natural wonder, homes in Puerto Rico | Photos",Positive,1
20200107,earthquakenewstoday.com,http://www.earthquakenewstoday.com/2020/01/07/minor-earthquake-m3-5-quake-has-struck-near-indios-in-puerto-rico/,Minor earthquake: M3.5 quake has struck near Indios in Puerto Rico,Negative,1
20200107,inquirer.com,https://www.inquirer.com/news/earthquake-puerto-rico-relief-local-efforts-maria-quinones-sanchez-20200107.html,Puerto Rico earthquake stirs worries for Philly relatives: ‘I feel helpless’,Negative,1
20200107,earthquakenewstoday.com,http://www.earthquakenewstoday.com/2020/01/07/minor-earthquake-3-7-mag-was-detected-near-tallaboa-in-puerto-rico/,"Minor earthquake, 3.7 mag was detected near Tallaboa in Puerto Rico",Neutral,1
20200107,earthquakenewstoday.com,http://www.earthquakenewstoday.com/2020/01/07/light-earthquake-4-mag-strikes-near-tallaboa-in-puerto-rico/,"Light earthquake, 4 mag strikes near Tallaboa in Puerto Rico",Negative,1
20200107,1310kfka.com;1310kfka.com;1310kfka.com,http://www.1310kfka.com/abc-news/u-s-news/01/magnitude-6-5-earthquake-hits-puerto-rico-day-after-5-8-quake/<UDIV>http://www.1310kfka.com/abc-news/u-s-news/01/magnitude-6-4-earthquake-hits-puerto-rico-day-after-5-8-quake/<UDIV>http://www.1310kfka.com/abc-news/u-s-news/01/magnitude-6-4-earthquake-hits-puerto-rico-day-after-5-8-quake-2/,Magnitude 6.4 earthquake hits Puerto Rico day after 5.8 quake,Neutral,1
20200107,iheart.com,https://power1051.iheart.com/content/2020-01-07-powerful-earthquake-rocks-puerto-rico/,Powerful Earthquake Rocks Puerto Rico,Positive,1
20200107,earthquakenewstoday.com,http://www.earthquakenewstoday.com/2020/01/07/light-earthquake-4-12-mag-strikes-near-tallaboa-in-puerto-rico/,"Light earthquake, 4.12 mag strikes near Tallaboa in Puerto Rico",Negative,1
20200107,towleroad.com,https://www.towleroad.com/2020/01/puerto-rico-earthquake/,Puerto Rico Hit by Damaging 6.4 Earthquake in Series of Powerful Temblors,Negative,1
20200107,earthquakenewstoday.com,http://www.earthquakenewstoday.com/2020/01/07/light-earthquake-4-1-mag-strikes-near-tallaboa-in-puerto-rico/,"Light earthquake, 4.1 mag strikes near Tallaboa in Puerto Rico",Negative,1
20200107,independent.co.uk,https://www.independent.co.uk/news/world/americas/puerto-rico-earthquake-tsunami-power-blackout-us-virgin-islands-a9273466.html,One dead after second earthquake in two days triggers tsunami alert in Puerto Rico,Negative,1
20200107,earthquakenewstoday.com,http://www.earthquakenewstoday.com/2020/01/07/light-earthquake-4-8-mag-4-km-sw-of-tallaboa-puerto-rico/,"Light earthquake 4.8 mag, 4 km SW of Tallaboa, Puerto Rico",Neutral,1
20200107,peopleenespanol.com,https://peopleenespanol.com/chica/puerto-rico-earthquake-2020/,Powerful Earthquake Strikes Puerto Rico,Positive,1
20200107,earthquakenewstoday.com,http://www.earthquakenewstoday.com/2020/01/07/light-earthquake-4-8-mag-has-occurred-near-indios-in-puerto-rico/,"Light earthquake, 4.8 mag has occurred near Indios in Puerto Rico",Neutral,1
20200107,mirror.co.uk,https://www.mirror.co.uk/news/world-news/breaking-puerto-rico-earthquake-huge-21229224,Puerto Rico earthquake: One dead as tremor collapses homes and triggers tsunami,Negative,1
20200107,earthquakenewstoday.com,http://www.earthquakenewstoday.com/2020/01/07/minor-earthquake-2-96-mag-strikes-near-guanica-in-puerto-rico/,"Minor earthquake, 2.96 mag strikes near Guanica in Puerto Rico",Negative,1
20200107,abc7news.com,https://abc7news.com/abc7news.com/65-earthquake-hits-puerto-rico/5821228/,State of emergency declared in Puerto Rico after earthquake kills 1,Negative,1
20200107,travelmarketreport.com,http://www.travelmarketreport.com/articles/Second-Earthquake-Hits-Puerto-Rico-in-24-Hours,Second Earthquake Hits Puerto Rico in 24 Hours,Neutral,1
20200107,christianpost.com,https://www.christianpost.com/news/at-least-1-dead-after-m-64-earthquake-rocks-puerto-rico-triggering-islandwide-blackout.html,At least 1 dead after M 6.4 earthquake rocks Puerto Rico triggering islandwide blackout,Negative,1
20200107,earthquakenewstoday.com,http://www.earthquakenewstoday.com/2020/01/07/minor-earthquake-3-6-mag-has-occurred-near-magas-arriba-in-puerto-rico/,"Minor earthquake, 3.6 mag has occurred near Magas Arriba in Puerto Rico",Neutral,1
20200107,wrcbtv.com,https://www.wrcbtv.com/story/41528785/a-64-magnitude-earthquake-hit-puerto-rico-a-day-after-another-quake-rocked-the-island,6.4 magnitude earthquake hits Puerto Rico a day after another quake rocked the island,Neutral,1
20200107,ndtv.com,https://www.ndtv.com/world-news/6-5-magnitude-earthquake-hits-off-puerto-rico-us-geological-survey-2160114,"6.5 Magnitude Earthquake Strikes Puerto Rico, Day After Another Quake",Negative,1
20200107,thejournal.ie,https://www.thejournal.ie/punta-ventana-puerto-rico-earthquake-collapse-damage-tourism-4955865-Jan2020/,'Iconic' Punta Ventana stone arch collapses as earthquake hits Puerto Rico,Negative,1
20200107,express.co.uk,https://www.express.co.uk/travel/articles/1225029/earthquake-puerto-rico-punta-ventana-earthquakes-pictures-news-latest,Earthquake in Puerto Rico damages Punta Ventana rock arch loved by tourists - pictures,Positive,1
20200107,wnep.com,https://wnep.com/2020/01/07/6-5-magnitude-earthquake-hit-puerto-rico-a-day-after-another-quake-rocked-the-island/,6.5 Magnitude Earthquake Hit Puerto Rico a Day After Another Quake Rocked the Island,Neutral,1
20200107,time.com,https://time.com/5760461/puerto-rico-earthquake-news/,5.2 Magnitude Aftershock Shakes Puerto Rico Days After Major Earthquake Left Thousands Homeless,Neutral,1
20200107,winknews.com,https://www.winknews.com/2020/01/06/earthquake-jolts-puerto-rico-causing-damage-and-state-of-panic/,"Earthquake jolts Puerto Rico, causing damage and “state of panic”",Negative,1
20200107,ktvu.com,https://www.ktvu.com/news/another-earthquake-rocks-puerto-rico-coast,Another earthquake rocks Puerto Rico coast,Neutral,1
20200107,earthquakenewstoday.com,http://www.earthquakenewstoday.com/2020/01/07/minor-earthquake-2-97-mag-strikes-near-indios-in-puerto-rico/,"Minor earthquake, 2.97 mag strikes near Indios in Puerto Rico",Negative,1
20200107,barbadostoday.bb,https://barbadostoday.bb/2020/01/07/puerto-rico-hit-by-a-6-4-magnitude-earthquake/,Puerto Rico hit by a 6.4-magnitude earthquake,Neutral,1
20200107,earthquakenewstoday.com,http://www.earthquakenewstoday.com/2020/01/07/minor-earthquake-3-6-mag-3-km-sw-of-penuelas-puerto-rico/,"Minor earthquake 3.6 mag, 3 km SW of Penuelas, Puerto Rico",Neutral,1
20200107,wpsdlocal6.com,https://www.wpsdlocal6.com/news/a--magnitude-earthquake-hit-puerto-rico-a-day-after/article_d4468ca4-3146-11ea-b3fe-9b0415e1b17a.html,A 6.4-magnitude earthquake hit Puerto Rico a day after another quake rocked the island,Neutral,1
20200107,people.com,https://people.com/human-interest/puerto-rico-faces-more-seismic-activity-as-additional-tremors-expected-after-another-earthquake/,Puerto Rico Faces More Seismic Activity as Additional Tremors Expected After Another Earthquake,Neutral,1
20200107,upi.com,https://www.upi.com/Top_News/US/2020/01/07/Puerto-Rico-shaken-by-2nd-powerful-earthquake-in-2-days-1-dead/9771578398083/,Puerto Rico shaken by 2nd powerful earthquake in 2 days; 1 dead,Negative,1
20200107,fox35orlando.com,https://www.fox35orlando.com/news/report-1-dead-after-6-4-magnitude-earthquake-strikes-puerto-rico,Report: 1 dead after 6.4-magnitude earthquake strikes Puerto Rico,Negative,1
20200107,voanews.com,https://www.voanews.com/americas/puerto-rico-struck-powerful-earthquake,Puerto Rico Struck by Powerful Earthquake,Positive,1
20200107,earthquakenewstoday.com,http://www.earthquakenewstoday.com/2020/01/06/light-earthquake-m4-7-quake-has-struck-near-indios-in-puerto-rico/,Light earthquake: M4.7 quake has struck near Indios in Puerto Rico,Negative,1
20200107,cnn.com,https://edition.cnn.com/us/live-news/puerto-rico-earthquake-01-07-2020/,Live updates: Puerto Rico earthquake,Neutral,1
20200107,earthquakenewstoday.com,http://www.earthquakenewstoday.com/2020/01/07/light-earthquake-m4-5-quake-has-struck-near-tallaboa-in-puerto-rico/,Light earthquake: M4.5 quake has struck near Tallaboa in Puerto Rico,Negative,1
20200107,arrl.org,http://www.arrl.org/news/strong-earthquake-shakes-puerto-rico-ares-standing-by,"Strong Earthquake Shakes Puerto Rico, ARES Standing By",Positive,1
20200107,foxbusiness.com,https://www.foxbusiness.com/lifestyle/puerto-rico-hit-by-6-5-earthquake,Puerto Rico hit by second 6.4 earthquake,Neutral,1
20200107,earthquakenewstoday.com,http://www.earthquakenewstoday.com/2020/01/06/light-earthquake-4-6-mag-3-km-sse-of-indios-puerto-rico/,"Light earthquake 4.6 mag, 3 km SSE of Indios, Puerto Rico",Neutral,1
20200107,earthquakenewstoday.com,http://www.earthquakenewstoday.com/2020/01/07/minor-earthquake-3-8-mag-was-detected-near-tallaboa-in-puerto-rico/,"Minor earthquake, 3.8 mag was detected near Tallaboa in Puerto Rico",Neutral,1
20200107,theguardian.com,https://www.theguardian.com/world/2020/jan/07/puerto-rico-earthquake-strikes,"6.4 magnitude earthquake strikes Puerto Rico, injuring eight people",Negative,1
20200107,earthquakenewstoday.com,http://www.earthquakenewstoday.com/2020/01/07/light-earthquake-4-2-mag-strikes-near-tallaboa-in-puerto-rico/,"Light earthquake, 4.2 mag strikes near Tallaboa in Puerto Rico",Negative,1
20200107,financialexpress.com,https://www.financialexpress.com/world-news/puerto-rico-earthquake-6-4-quake-strikes-us-territory-amid-heavy-seismic-activity/1815874/,Puerto Rico earthquake: 6.4 quake strikes US territory amid heavy seismic activity,Negative,1
20200107,cnn.com,https://www.cnn.com/travel/article/punta-ventana-puerto-rico-earthquake-collapse-trnd/,"Punta Ventana, one of Puerto Rico’s natural wonders, has been destroyed by an earthquake",Negative,1
20200107,indiatoday.in,https://www.indiatoday.in/world/story/earthquake-puerto-rico-quake-tremors-us-island-1634740-2020-01-07,"Day after powerful quake rocks Puerto Rico, 6.4-magnitude earthquake strikes island again",Positive,1
20200107,earthquakenewstoday.com,http://www.earthquakenewstoday.com/2020/01/07/light-earthquake-4-3-mag-was-detected-near-guanica-in-puerto-rico/,"Light earthquake, 4.3 mag was detected near Guanica in Puerto Rico",Neutral,1
20200107,earthquakenewstoday.com,http://www.earthquakenewstoday.com/2020/01/07/light-earthquake-4-mag-strikes-near-fuig-in-puerto-rico/,"Light earthquake, 4 mag strikes near Fuig in Puerto Rico",Negative,1
20200107,thedailybeast.com,http://www.thedailybeast.com/puerto-rico-earthquake-knocks-out-islands-power,Puerto Rico Earthquake Knocks Out Island’s Power,Neutral,1
20200107,news12.com,http://westchester.news12.com/story/41532595/hudson-valley-nonprofit-gears-up-to-help-earthquakeravaged-puerto-rico,Hudson Valley nonprofit gears up to help earthquake-ravaged Puerto Rico,Positive,1
20200107,usatoday.com,https://www.usatoday.com/videos/news/nation/2020/01/07/6-4-magnitude-earthquake-hits-puerto-rico/2831884001/,"6.4 magnitude quake, 6.0 aftershock cripple Puerto Rico",Neutral,1
20200107,earthquakenewstoday.com,http://www.earthquakenewstoday.com/2020/01/07/light-earthquake-4-8-mag-was-detected-near-penuelas-in-puerto-rico/,"Light earthquake, 4.8 mag was detected near Penuelas in Puerto Rico",Neutral,1
20200107,9news.com.au,https://www.9news.com.au/world/puerto-rico-hit-by-powerful-earthquake-aftershocks-expected/02706b9e-759d-4d9d-9b20-e8d4461f4ecc,Puerto Rico hit by powerful earthquake,Positive,1
20200107,whio.com,https://www.whio.com/news/national/puerto-rico-earthquake-magnitude-quake-rocks-territory/E7GzcphZNgOxegs5IwJhnI/,"Puerto Rico earthquake: 6.4 magnitude quake rocks U.S. territory, at least 1 killed",Negative,1
20200107,peopleenespanol.com,https://peopleenespanol.com/chica/puerto-rico-earthquake-celeb-reactions/,Celebrities React to Second Puerto Rico Earthquake,Neutral,1
20200107,earthquakenewstoday.com,http://www.earthquakenewstoday.com/2020/01/07/minor-earthquake-3-7-mag-strikes-near-indios-in-puerto-rico/,"Minor earthquake, 3.7 mag strikes near Indios in Puerto Rico",Negative,1
20200107,earthquakenewstoday.com,http://www.earthquakenewstoday.com/2020/01/07/moderate-earthquake-5-6-mag-1-km-sw-of-tallaboa-puerto-rico/,"Moderate earthquake 5.6 mag, 1 km SW of Tallaboa, Puerto Rico",Neutral,1
20200107,timesnownews.com,https://www.timesnownews.com/international/article/magnitude-6-4-earthquake-shakes-puerto-rico-usgs/536944,Magnitude 6.4 earthquake shakes Puerto Rico: USGS,Neutral,1
20200107,aljazeera.com,https://www.aljazeera.com/news/2020/01/puerto-rico-earthquake-1-dead-island-power-200107131728908.html,"Puerto Rico earthquake: At least 1 dead, island without power",Negative,1
20200107,1310kfka.com,http://www.1310kfka.com/abc-news/u-s-news/01/state-of-emergency-declared-in-puerto-rico-after-6-4-magnitude-earthquake-kills-1/,State of emergency declared in Puerto Rico after 6.4 magnitude earthquake kills 1,Negative,1
20200107,wtvr.com,https://wtvr.com/2020/01/07/6-4-magnitude-earthquake-puerto-rico/,6.4 magnitude earthquake hits Puerto Rico,Neutral,1
20200107,thenational.scot,https://www.thenational.scot/news/18143242.puerto-rico-hit-earthquake-measuring-magnitude-6-4/,Puerto Rico hit by earthquake with a magnitude of 6.4,Neutral,1
20200107,earthquakenewstoday.com,http://www.earthquakenewstoday.com/2020/01/07/minor-earthquake-m2-82-quake-has-struck-near-maria-antonia-in-puerto-rico/,Minor earthquake: M2.82 quake has struck near Maria Antonia in Puerto Rico,Negative,1
20200107,earthsky.org,https://earthsky.org/earth/magnitude-6-4-earthquake-puerto-rico-jan-7-2020,Magnitude 6.4 earthquake shakes Puerto Rico,Neutral,1
20200107,nytimes.com,https://www.nytimes.com/2020/01/07/us/puerto-rico-earthquake.html,Puerto Rico Earthquake: Emergency Declared After 6.4 Magnitude Quake,Negative,1
20200107,earthquakenewstoday.com,http://www.earthquakenewstoday.com/2020/01/07/strong-earthquake-6-6-mag-was-detected-near-indios-in-puerto-rico/,"Strong earthquake, 6.6 mag was detected near Indios in Puerto Rico",Positive,1
20200107,sandiegouniontribune.com,https://www.sandiegouniontribune.com/news/nation-world/story/2020-01-07/us-geological-survey-registers-earthquake-with-preliminary-magnitude-of-6-6-off-the-coast-of-puerto-rico,US Geological Survey registers earthquake with preliminary magnitude of 6.6 off the coast of Puerto Rico,Neutral,1
20200107,earthquakenewstoday.com,http://www.earthquakenewstoday.com/2020/01/07/moderate-earthquake-5-8-mag-was-detected-near-tallaboa-in-puerto-rico/,"Moderate earthquake, 5.8 mag was detected near Tallaboa in Puerto Rico",Neutral,1
20200107,chicagotribune.com,http://www.chicagotribune.com/news/breaking/ct-puerto-rico-earthquake-chicago-response-20200107-q7a6kkn3q5advjier6b3lujjfm-story.html,"Chicagoans mobilize, seek donations after earthquake hits Puerto Rico",Neutral,1
20200107,nst.com.my,https://www.nst.com.my/world/world/2020/01/554347/magnitude-65-earthquake-hits-puerto-rico,Magnitude 6.5 earthquake hits off Puerto Rico,Neutral,1
20200107,earthquakenewstoday.com,http://www.earthquakenewstoday.com/2020/01/07/minor-earthquake-3-25-mag-was-detected-near-indios-in-puerto-rico/,"Minor earthquake, 3.25 mag was detected near Indios in Puerto Rico",Neutral,1
20200107,baltimoresun.com;gadsdentimes.com,http://www.baltimoresun.com/weather/weather-news/sns-earthquake-strikes-puerto-rico-homes-damaged-20200106-l6id7dew3zc6hdb7c3qpqxs3fi-story.html<UDIV>https://www.gadsdentimes.com/zz/news/20200106/58-magnitude-quake-strikes-puerto-rico-damaging-homes/1,"5.8-magnitude quake strikes Puerto Rico, damaging homes",Negative,1
20200107,earthquakenewstoday.com,http://www.earthquakenewstoday.com/2020/01/07/light-earthquake-4-1-mag-was-detected-near-indios-in-puerto-rico/,"Light earthquake, 4.1 mag was detected near Indios in Puerto Rico",Neutral,1
20200107,earthquakenewstoday.com,http://www.earthquakenewstoday.com/2020/01/07/minor-earthquake-3-9-mag-has-occurred-near-indios-in-puerto-rico/,"Minor earthquake, 3.9 mag has occurred near Indios in Puerto Rico",Neutral,1
20200107,baynews9.com,https://www.baynews9.com/fl/tampa/earthquake/2020/01/07/another-strong-earthquake-hits-puerto-rico,PHOTOS: Another Strong Earthquake Hits Puerto Rico; At Least 1 Dead,Negative,1
20200107,usatoday.com,https://www.usatoday.com/videos/news/nation/2020/01/06/puerto-rico-hit-multiple-earthquakes/2827179001/,Puerto Rico hit by magnitude 5.8 earthquake after week of tremors,Neutral,1
20200107,earthquakenewstoday.com,http://www.earthquakenewstoday.com/2020/01/07/light-earthquake-4-3-mag-has-occurred-near-guanica-in-puerto-rico/,"Light earthquake, 4.3 mag has occurred near Guanica in Puerto Rico",Neutral,1
20200107,earthquakenewstoday.com,http://www.earthquakenewstoday.com/2020/01/07/minor-earthquake-3-07-mag-was-detected-near-magas-arriba-in-puerto-rico/,"Minor earthquake, 3.07 mag was detected near Magas Arriba in Puerto Rico",Neutral,1
20200107,globalnews.ca,https://globalnews.ca/news/6375557/puerto-rico-earthquake/,Puerto Rico hit by 6.4 magnitude earthquake amid heavy seismic activity - National,Neutral,1
20200107,fox35orlando.com,https://www.fox35orlando.com/news/puerto-rico-hit-with-6-5-magnitude-earthquake-island-wide-blackout-reported,Second 6.0+ magnitude quake strikes Puerto Rico amid heavy seismic activity Tuesday morning,Negative,1
20200107,washingtonpost.com,https://www.washingtonpost.com/national/puerto-rico-earthquake/2020/01/07/0cbe4c92-3143-11ea-9313-6cba89b1b9fb_story.html,"Puerto Rico earthquake triggers blackout, reports of injuries and at least one dead",Negative,1
20200107,earthquakenewstoday.com,http://www.earthquakenewstoday.com/2020/01/07/light-earthquake-4-5-mag-7-km-sse-of-guanica-puerto-rico/,"Light earthquake 4.5 mag, 7 km SSE of Guanica, Puerto Rico",Neutral,1
20200107,earthquakenewstoday.com,http://www.earthquakenewstoday.com/2020/01/07/light-earthquake-4-5-mag-2-km-s-of-tallaboa-alta-puerto-rico/,"Light earthquake 4.5 mag, 2 km S of Tallaboa Alta, Puerto Rico",Neutral,1
20200107,earthquakenewstoday.com,http://www.earthquakenewstoday.com/2020/01/07/minor-earthquake-3-7-mag-8-km-se-of-indios-puerto-rico/,"Minor earthquake 3.7 mag, 8 km SE of Indios, Puerto Rico",Neutral,1
20200107,newstalk.com,https://www.newstalk.com/news/puerto-rico-earthquake-damage-946265,Injuries and power outages after Puerto Rico hit by 6.4 magnitude earthquake,Neutral,1
20200107,news18.com,https://www.news18.com/photogallery/world/powerful-earthquake-destroys-popular-tourist-punta-ventana-in-puerto-rico-2449125-1.html,Puerto Rico's Earthquake Destroys Tourist Spot Punta Ventana,Negative,1
20200107,earthquakenewstoday.com,http://www.earthquakenewstoday.com/2020/01/07/light-earthquake-4-1-mag-2-km-se-of-guayanilla-puerto-rico/,"Light earthquake 4.1 mag, 2 km SE of Guayanilla, Puerto Rico",Neutral,1
20200108,nbcnews.com,https://www.nbcnews.com/news/latino/democrats-slam-trump-puerto-rico-demand-swift-response-earthquake-n1112141?cid=public-rss_20200108,"Democrats slam Trump on Puerto Rico, demand swift response to earthquake",Negative,0
20200108,earthquakenewstoday.com,http://www.earthquakenewstoday.com/2020/01/08/minor-earthquake-3-6-mag-was-detected-near-indios-in-puerto-rico/,"Minor earthquake, 3.6 mag was detected near Indios in Puerto Rico",Neutral,1
20200108,earthquakenewstoday.com,http://www.earthquakenewstoday.com/2020/01/08/minor-earthquake-m3-4-quake-has-struck-near-guanica-in-puerto-rico/,Minor earthquake: M3.4 quake has struck near Guanica in Puerto Rico,Negative,1
20200108,earthquakenewstoday.com,http://www.earthquakenewstoday.com/2020/01/07/minor-earthquake-2-96-mag-was-detected-near-indios-in-puerto-rico/,"Minor earthquake, 2.96 mag was detected near Indios in Puerto Rico",Neutral,1
20200108,wlwt.com,https://www.wlwt.com/article/local-family-stuck-in-puerto-rico-following-deadly-earthquake/30436345,Local family stuck in Puerto Rico following deadly earthquake,Negative,1
20200108,earthquakenewstoday.com,http://www.earthquakenewstoday.com/2020/01/07/minor-earthquake-2-91-mag-1-km-s-of-indios-puerto-rico/,"Minor earthquake 2.91 mag, 1 km S of Indios, Puerto Rico",Neutral,1
20200108,earthquakenewstoday.com,http://www.earthquakenewstoday.com/2020/01/08/minor-earthquake-2-8-mag-was-detected-near-indios-in-puerto-rico/,"Minor earthquake, 2.8 mag was detected near Indios in Puerto Rico",Neutral,1
20200108,nbcbayarea.com;nbcsandiego.com;nbcconnecticut.com;nbcchicago.com;necn.com;nbcmiami.com;nbcdfw.com;nbcphiladelphia.com;nbcwashington.com,https://www.nbcbayarea.com/news/national-international/how-to-help-puerto-rico-after-deadly-earthquake/2212305/<UDIV>https://www.nbcsandiego.com/news/national-international/how-to-help-puerto-rico-after-deadly-earthquake/2241025/<UDIV>https://www.nbcconnecticut.com/news/national-international/how-to-help-puerto-rico-after-deadly-earthquake/2207407/<UDIV>https://www.nbcchicago.com/news/national-international/how-to-help-puerto-rico-after-deadly-earthquake/2198296/<UDIV>https://www.necn.com/news/national-international/how-to-help-puerto-rico-after-deadly-earthquake/2216009/<UDIV>https://www.nbcmiami.com/news/national-international/how-to-help-puerto-rico-after-deadly-earthquake/2174726/<UDIV>https://www.nbcdfw.com/news/national-international/how-to-help-puerto-rico-after-deadly-earthquake/2288635/<UDIV>https://www.nbcphiladelphia.com/news/national-international/how-to-help-puerto-rico-after-deadly-earthquake/2272237/<UDIV>https://www.nbcwashington.com/news/national-international/how-to-help-puerto-rico-after-deadly-earthquake/2197750/,How to Help Puerto Rico After Deadly Earthquake,Positive,1
20200108,11alive.com,https://www.11alive.com/article/news/education/trinity-christian-students-mission-earthquake-in-puerto-rico/85-bad781cf-7b0e-43d4-af45-3fa26a4f108d,Trinity Christian students in Puerto Rico as earthquake hit,Neutral,0
20200108,theguardian.com,https://www.theguardian.com/world/2020/jan/08/puerto-rico-earthquake-without-power,Much of Puerto Rico still without power after worst earthquake in a century,Positive,1
20200108,earthquakenewstoday.com,http://www.earthquakenewstoday.com/2020/01/08/light-earthquake-4-2-mag-has-occurred-near-guanica-in-puerto-rico/,"Light earthquake, 4.2 mag has occurred near Guanica in Puerto Rico",Neutral,1
20200108,utilitydive.com,https://www.utilitydive.com/news/more-than-2-years-after-hurricane-maria-earthquake-shows-puerto-rico-elect/569963/,"More than 2 years after Hurricane Maria, earthquake shows Puerto Rico electric grid remains 'fragile'",Neutral,1
20200108,investmentwatchblog.com,https://www.investmentwatchblog.com/earthquake-destroys-punta-ventana-one-of-puerto-ricos-natural-wonders/,"Earthquake destroys Punta Ventana, one of Puerto Rico’s natural wonders! – Investment Watch Blog",Negative,1
20200108,voanews.com,https://www.voanews.com/episode/puerto-rico-announces-state-emergency-after-64-magnitude-earthquake-4148236,Puerto Rico Announces State of Emergency After 6.4-Magnitude Earthquake,Negative,1
20200108,earthquakenewstoday.com,http://www.earthquakenewstoday.com/2020/01/07/minor-earthquake-2-91-mag-0-km-ne-of-guayanilla-puerto-rico/,"Minor earthquake 2.91 mag, 0 km NE of Guayanilla, Puerto Rico",Neutral,1
20200108,orlandosentinel.com,http://www.orlandosentinel.com/news/os-puerto-rico-earthquake-relief-drive-orlando-20200108-f3hqxjojonghjllkkcopn345xa-story.html,Central Florida Latino group joins relief drive for Puerto Rico earthquake victims,Positive,1
20200108,tucson.com,https://tucson.com/news/world/earthquake-destroys-punta-ventana-one-of-puerto-rico-s-natural/article_f838f227-d8b0-5086-9012-9b81f675187e.html,"Earthquake destroys Punta Ventana, one of Puerto Rico's natural wonders",Negative,1
20200108,cnn.com,https://www.cnn.com/2020/01/08/us/puerto-rico-earthquake-wednesday/,Puerto Rico earthquake: Roughly two-thirds of island without power amid dozens of aftershocks,Neutral,1
20200108,sej.org,https://www.sej.org/headlines/64-magnitude-earthquake-leaves-1-dead-power-out-across-puerto-rico,"""6.4 Magnitude Earthquake Leaves 1 Dead, Power Out Across Puerto Rico""",Negative,1
20200108,earthquakenewstoday.com,http://www.earthquakenewstoday.com/2020/01/08/light-earthquake-4-06-mag-strikes-near-guanica-in-puerto-rico/,"Light earthquake, 4.06 mag strikes near Guanica in Puerto Rico",Negative,1
20200108,earthquakenewstoday.com,http://www.earthquakenewstoday.com/2020/01/08/minor-earthquake-m3-2-quake-has-struck-near-guayanilla-in-puerto-rico/,Minor earthquake: M3.2 quake has struck near Guayanilla in Puerto Rico,Negative,1
20200108,fox13now.com,https://fox13now.com/2020/01/08/puerto-rico-residents-sleeping-outside-as-aftershocks-rock-region-hit-by-deadly-earthquake/,Puerto Rico residents sleeping outside as aftershocks rock region hit by deadly earthquake,Neutral,1
20200108,earthquakenewstoday.com,http://www.earthquakenewstoday.com/2020/01/07/minor-earthquake-m2-86-quake-has-struck-near-tallaboa-in-puerto-rico/,Minor earthquake: M2.86 quake has struck near Tallaboa in Puerto Rico,Negative,1
20200108,earthquakenewstoday.com,http://www.earthquakenewstoday.com/2020/01/08/minor-earthquake-m3-2-quake-has-struck-near-indios-in-puerto-rico/,Minor earthquake: M3.2 quake has struck near Indios in Puerto Rico,Negative,1
20200108,cnn.com,https://www.cnn.com/2020/01/08/us/help-puerto-rico-earthquake-victims-iyw/,Ways you can help Puerto Rico earthquake victims,Positive,1
20200108,thedailybeast.com,http://www.thedailybeast.com/puerto-rico-reels-from-earthquake-nightmare,Puerto Rico Reels From Earthquake Nightmare,Neutral,1
20200108,fox35orlando.com,https://www.fox35orlando.com/news/usgs-99-percent-chance-that-an-earthquake-of-magnitude-3-or-higher-will-occur-in-puerto-rico-within-the-next-week,USGS: 99 percent chance that an earthquake of magnitude 3 or higher will occur in Puerto Rico within the next week,Positive,1
20200108,earthquakenewstoday.com,http://www.earthquakenewstoday.com/2020/01/08/minor-earthquake-2-88-mag-was-detected-near-indios-in-puerto-rico/,"Minor earthquake, 2.88 mag was detected near Indios in Puerto Rico",Neutral,1
20200108,earthquakenewstoday.com,http://www.earthquakenewstoday.com/2020/01/08/light-earthquake-m4-2-quake-has-struck-near-tallaboa-in-puerto-rico/,Light earthquake: M4.2 quake has struck near Tallaboa in Puerto Rico,Negative,1
20200108,earthquakenewstoday.com,http://www.earthquakenewstoday.com/2020/01/08/light-earthquake-4-2-mag-strikes-near-guanica-in-puerto-rico/,"Light earthquake, 4.2 mag strikes near Guanica in Puerto Rico",Negative,1
20200108,variety.com,https://variety.com/2020/biz/news/puerto-rico-earthquake-jennifer-lopez-lin-manuel-miranda-ava-duvernay-1203459761/,"Hollywood, Politicians Urge for Help for Puerto Rico After 6.4-Magnitude Earthquake",Positive,1
20200108,earthquakenewstoday.com,http://www.earthquakenewstoday.com/2020/01/08/minor-earthquake-3-8-mag-was-detected-near-guanica-in-puerto-rico/,"Minor earthquake, 3.8 mag was detected near Guanica in Puerto Rico",Neutral,1
20200108,independent.ie,https://www.independent.ie/world-news/latin-america/puerto-rico-slowly-brings-back-electricity-after-powerful-earthquake-38844796.html,Puerto Rico slowly brings back electricity after powerful earthquake,Positive,1
20200108,kotatv.com,https://www.kotatv.com/content/news/Black-Hills-local-experiences-earthquake-in-Puerto-Rico-566820691.html,Black Hills local experiences earthquake in Puerto Rico,Neutral,0
20200108,earthquakenewstoday.com,http://www.earthquakenewstoday.com/2020/01/08/light-earthquake-4-1-mag-strikes-near-guanica-in-puerto-rico/,"Light earthquake, 4.1 mag strikes near Guanica in Puerto Rico",Negative,1
20200108,earthquakenewstoday.com,http://www.earthquakenewstoday.com/2020/01/07/minor-earthquake-m3-8-quake-has-struck-near-tallaboa-in-puerto-rico/,Minor earthquake: M3.8 quake has struck near Tallaboa in Puerto Rico,Negative,1
20200108,upi.com,https://www.upi.com/Top_News/US/2020/01/08/USGS-sends-more-equipment-to-earthquake-rattled-Puerto-Rico/1601578507505/,HHS declares public health emergency in earthquake-rattled Puerto Rico,Negative,1
20200108,earthquakenewstoday.com,http://www.earthquakenewstoday.com/2020/01/08/light-earthquake-4-7-mag-was-detected-near-tallaboa-in-puerto-rico/,"Light earthquake, 4.7 mag was detected near Tallaboa in Puerto Rico",Neutral,1
20200108,earthquakenewstoday.com,http://www.earthquakenewstoday.com/2020/01/08/minor-earthquake-2-9-mag-has-occurred-near-indios-in-puerto-rico-2/,"Minor earthquake, 2.9 mag has occurred near Indios in Puerto Rico",Neutral,1
20200108,earthquakenewstoday.com,http://www.earthquakenewstoday.com/2020/01/08/minor-earthquake-m2-84-quake-has-struck-near-indios-in-puerto-rico/,Minor earthquake: M2.84 quake has struck near Indios in Puerto Rico,Negative,1
20200108,earthquakenewstoday.com,http://www.earthquakenewstoday.com/2020/01/08/light-earthquake-m4-1-quake-has-struck-near-guanica-in-puerto-rico/,Light earthquake: M4.1 quake has struck near Guanica in Puerto Rico,Negative,1
20200108,earthquakenewstoday.com,http://www.earthquakenewstoday.com/2020/01/08/minor-earthquake-m3-6-quake-has-struck-near-guanica-in-puerto-rico/,Minor earthquake: M3.6 quake has struck near Guanica in Puerto Rico,Negative,1
20200108,earthquakenewstoday.com,http://www.earthquakenewstoday.com/2020/01/08/light-earthquake-4-1-mag-was-detected-near-ponce-in-puerto-rico/,"Light earthquake, 4.1 mag was detected near Ponce in Puerto Rico",Neutral,1
20200108,wsvn.com,https://wsvn.com/news/us-world/puerto-rico-residents-sleeping-outside-as-aftershocks-rock-region-hit-by-deadly-earthquake/,Puerto Rico earthquake: Roughly two-thirds of island without power amid dozens of aftershocks - WSVN 7News,Neutral,1
20200108,euronews.com,https://www.euronews.com/2020/01/08/magnitude-6-4-earthquake-hits-off-puerto-rico,Video. Magnitude 6.4 earthquake hits off Puerto Rico,Neutral,1
20200108,earthquakenewstoday.com,http://www.earthquakenewstoday.com/2020/01/08/minor-earthquake-2-82-mag-strikes-near-indios-in-puerto-rico-2/,"Minor earthquake, 2.82 mag strikes near Indios in Puerto Rico",Negative,1
20200108,krgv.com,https://www.krgv.com/news/valley-physician-in-puerto-rico-shares-deadly-earthquake-experience,Valley Physician in Puerto Rico Shares Deadly Earthquake Experience,Positive,0
20200108,ktvq.com,https://www.ktvq.com/news/trending/puerto-rico-residents-fear-aftershocks-after-deadly-6-4-magnitude-earthquake,Puerto Rico residents fear aftershocks after deadly 6.4 magnitude earthquake,Negative,1
20200108,earthquakenewstoday.com,http://www.earthquakenewstoday.com/2020/01/07/minor-earthquake-2-83-mag-strikes-near-magas-arriba-in-puerto-rico/,"Minor earthquake, 2.83 mag strikes near Magas Arriba in Puerto Rico",Negative,1
20200108,earthquakenewstoday.com,http://www.earthquakenewstoday.com/2020/01/07/minor-earthquake-2-85-mag-has-occurred-near-indios-in-puerto-rico/,"Minor earthquake, 2.85 mag has occurred near Indios in Puerto Rico",Neutral,1
20200108,thepointsguy.com,https://thepointsguy.com/news/puerto-rico-earthquakes-what-to-know/,"Second earthquake hits Puerto Rico, JetBlue and Frontier issuing flight waivers",Neutral,1
20200108,wbrz.com,http://www.wbrz.com/news/puerto-rico-begins-recovery-efforts-following-disastrous-earthquake,Puerto Rico begins recovery efforts following disastrous earthquake,Negative,1
20200108,earthquakenewstoday.com,http://www.earthquakenewstoday.com/2020/01/07/minor-earthquake-m3-1-quake-has-struck-near-indios-in-puerto-rico/,Minor earthquake: M3.1 quake has struck near Indios in Puerto Rico,Negative,1
20200108,nbcconnecticut.com,https://www.nbcconnecticut.com/news/local/ccsu-club-cancels-puerto-rico-trip-over-earthquake-concerns/2207511/,CCSU Club Cancels Puerto Rico Trip Over Earthquake Concerns,Negative,0
20200108,earthquakenewstoday.com,http://www.earthquakenewstoday.com/2020/01/08/minor-earthquake-m3-5-quake-has-struck-near-magas-arriba-in-puerto-rico/,Minor earthquake: M3.5 quake has struck near Magas Arriba in Puerto Rico,Negative,1
20200108,nationofchange.org,https://www.nationofchange.org/2020/01/08/puerto-rico-earthquake-worst-in-more-than-100-years/,Puerto Rico earthquake worst in more than 100 years,Negative,1
20200108,yubanet.com,https://yubanet.com/california/california-sends-urban-search-and-rescue-team-members-to-support-emergency-response-to-earthquake-in-puerto-rico/,California Sends Urban Search and Rescue Team Members to Support Emergency Response to Earthquake in Puerto Rico,Positive,1
20200108,breitbart.com,https://www.breitbart.com/environment/2020/01/06/5-7-magnitude-earthquake-strikes-puerto-rico/,5.7-Magnitude Earthquake Strikes Puerto Rico,Negative,1
20200108,earthquakenewstoday.com,http://www.earthquakenewstoday.com/2020/01/08/minor-earthquake-m2-81-quake-has-struck-near-magas-arriba-in-puerto-rico/,Minor earthquake: M2.81 quake has struck near Magas Arriba in Puerto Rico,Negative,1
20200108,earthquakenewstoday.com,http://www.earthquakenewstoday.com/2020/01/08/minor-earthquake-3-3-mag-strikes-near-yauco-in-puerto-rico/,"Minor earthquake, 3.3 mag strikes near Yauco in Puerto Rico",Negative,1
20200108,earthquakenewstoday.com,http://www.earthquakenewstoday.com/2020/01/07/minor-earthquake-3-12-mag-has-occurred-near-tallaboa-in-puerto-rico/,"Minor earthquake, 3.12 mag has occurred near Tallaboa in Puerto Rico",Neutral,1
20200108,local10.com,https://www.local10.com/news/national/2020/01/08/puerto-rico-starts-to-restore-electricity-after-magnitude-64-earthquake/,Puerto Rico starts to restore electricity after magnitude 6.4 earthquake,Positive,1
20200108,savannahnow.com,https://www.savannahnow.com/news/20200108/puerto-rico-earthquake-tuesday-morning-triggers-blackout-reports-of-injuries-and-at-least-one-dead,"Puerto Rico earthquake Tuesday morning triggers blackout, reports of injuries and at least one dead",Negative,1
20200108,iheart.com,https://power1051.iheart.com/content/2020-01-08-crazy-legs-helps-raise-money-for-earthquake-victims-in-puerto-rico/,Crazy Legs Helps Raise Money For Earthquake Victims In Puerto Rico,Negative,0
20200108,wesh.com,https://www.wesh.com/article/its-really-devastating-recovery-efforts-underway-for-earthquake-victims-in-puerto-rico/30444576,'It's really devastating': Recovery efforts underway for earthquake victims in Puerto Rico,Negative,1
20200108,earthquakenewstoday.com,http://www.earthquakenewstoday.com/2020/01/08/light-earthquake-4-1-mag-strikes-near-ponce-in-puerto-rico/,"Light earthquake, 4.1 mag strikes near Ponce in Puerto Rico",Negative,1
20200108,christianpost.com,https://www.christianpost.com/news/missionaries-church-groups-in-puerto-rico-surviving-earthquake-facing-uncertainty.html,"Missionaries, church groups in Puerto Rico on surviving earthquake, facing uncertainty",Negative,1
20200108,earthquakenewstoday.com,http://www.earthquakenewstoday.com/2020/01/08/minor-earthquake-3-7-mag-strikes-near-guanica-in-puerto-rico/,"Minor earthquake, 3.7 mag strikes near Guanica in Puerto Rico",Negative,1
20200108,earthquakenewstoday.com,http://www.earthquakenewstoday.com/2020/01/08/light-earthquake-4-12-mag-has-occurred-near-indios-in-puerto-rico/,"Light earthquake, 4.12 mag has occurred near Indios in Puerto Rico",Neutral,1
20200108,wral.com,https://www.wral.com/6-4-magnitude-earthquake-strikes-puerto-rico-knocking-out-power/18871470/,'Scarier' Than Hurricane Maria: A Deadly Earthquake Terrifies Puerto Rico,Negative,1
20200108,earthquakenewstoday.com,http://www.earthquakenewstoday.com/2020/01/08/minor-earthquake-3-05-mag-6-km-sse-of-guanica-puerto-rico/,"Minor earthquake 3.05 mag, 6 km SSE of Guanica, Puerto Rico",Neutral,1
20200108,earthquakenewstoday.com,http://www.earthquakenewstoday.com/2020/01/08/minor-earthquake-2-91-mag-13-km-sse-of-indios-puerto-rico/,"Minor earthquake 2.91 mag, 13 km SSE of Indios, Puerto Rico",Neutral,1
20200108,winknews.com,https://www.winknews.com/2020/01/08/many-residents-afraid-to-go-indoors-after-puerto-ricos-strongest-earthquake-since-1918/,Many residents afraid to go indoors after Puerto Rico’s strongest earthquake since 1918,Positive,1
20200108,earthquakenewstoday.com,http://www.earthquakenewstoday.com/2020/01/08/light-earthquake-4-5-mag-strikes-near-tallaboa-in-puerto-rico/,"Light earthquake, 4.5 mag strikes near Tallaboa in Puerto Rico",Negative,1
20200108,voanews.com,https://www.voanews.com/usa/puerto-rico-slowly-recovering-strong-earthquake,Puerto Rico Slowly Recovering from Strong Earthquake,Positive,1
20200108,earthquakenewstoday.com,http://www.earthquakenewstoday.com/2020/01/07/minor-earthquake-2-98-mag-1-km-wnw-of-guayanilla-puerto-rico/,"Minor earthquake 2.98 mag, 1 km WNW of Guayanilla, Puerto Rico",Neutral,1
20200108,ktvu.com,https://www.ktvu.com/news/help-from-the-south-bay-for-victims-of-puerto-rico-earthquake,Help from the South Bay for victims of Puerto Rico earthquake,Positive,1
20200108,ftnnews.com,https://ftnnews.com/tours/38583-puerto-rico-s-natural-wonder-punta-ventana-destroyed-by-earthquake,Puerto Rico’s Natural Wonder Punta Ventana Destroyed by Earthquake,Negative,1
20200109,iheart.com,https://talk1200boston.iheart.com/content/2020-01-08-mass-salvation-army-helps-in-puerto-rico-earthquake-response/,Mass. Salvation Army Helps In Puerto Rico Earthquake Response,Positive,1
20200109,reliefweb.int,https://reliefweb.int/report/puerto-rico-united-states-america/puerto-rico-earthquake-situation-report-1-january-8-2020,"Puerto Rico Earthquake Situation Report #1 - January 8, 2020 - Puerto Rico (The United States of America)",Positive,1
20200109,columbian.com,https://www.columbian.com/news/2020/jan/09/puerto-rico-earthquake-aftermath-deepens-as-govt-seeks-help/,Puerto Rico earthquake aftermath deepens as gov’t seeks help,Positive,1
20200109,natureworldnews.com,http://www.natureworldnews.com/articles/43140/20200109/aftershocks-puerto-rico-6-4-magnitude-earthquake.htm,Aftershocks in Puerto Rico After 6.4 Magnitude Earthquake,Neutral,1
20200109,reliefweb.int,https://reliefweb.int/report/puerto-rico-united-states-america/puerto-rico-reels-latest-earthquake-medical-care-reaches,"As Puerto Rico Reels from Latest Earthquake, Medical Care Reaches Evacuees - Puerto Rico (The United States of America)",Positive,1
20200109,earthquakenewstoday.com,http://www.earthquakenewstoday.com/2020/01/09/minor-earthquake-3-17-mag-was-detected-near-guanica-in-puerto-rico/,"Minor earthquake, 3.17 mag was detected near Guanica in Puerto Rico",Neutral,1
20200109,theurbandaily.com,https://theurbandaily.com/3558788/puerto-rico-declares-state-of-emergency-after-earthquake-leaves-many-homeless-without-electricity/,Puerto Rico Declares State of Emergency After Earthquake Leaves Many Homeless & Without Electricity,Negative,1
20200109,earthquakenewstoday.com,http://www.earthquakenewstoday.com/2020/01/08/minor-earthquake-3-33-mag-was-detected-near-yauco-in-puerto-rico/,"Minor earthquake, 3.33 mag was detected near Yauco in Puerto Rico",Neutral,1
20200109,earthquakenewstoday.com,http://www.earthquakenewstoday.com/2020/01/09/minor-earthquake-2-83-mag-4-km-se-of-guanica-puerto-rico/,"Minor earthquake 2.83 mag, 4 km SE of Guanica, Puerto Rico",Neutral,1
20200109,bostonglobe.com,https://www.bostonglobe.com/news/nation/2020/01/08/power-outage-affects-two-thirds-puerto-rico-after-earthquake/EF3gEYq8R8H1f6flSuU9jL/story.html,Power outage affects two-thirds of Puerto Rico after earthquake,Neutral,1
20200109,earthquakenewstoday.com,http://www.earthquakenewstoday.com/2020/01/09/light-earthquake-4-17-mag-was-detected-near-maria-antonia-in-puerto-rico/,"Light earthquake, 4.17 mag was detected near Maria Antonia in Puerto Rico",Neutral,1
20200109,ktbs.com,https://www.ktbs.com/news/bossier-city-resident-in-puerto-rico-when-earthquake-hit/article_827708ac-326f-11ea-ae39-6779e69e72c5.html,Bossier City resident in Puerto Rico when earthquake hit,Neutral,0
20200109,cnn.com,https://www.cnn.com/2020/01/09/us/puerto-rico-earthquake-thursday/,Puerto Rico earthquake: Full power expected to return to island in the coming days,Neutral,1
20200109,680news.com;news957.com,https://www.680news.com/2020/01/09/puerto-rico-earthquake-aftermath-deepens-as-govt-seeks-help/<UDIV>https://www.news957.com/world/2020/01/09/puerto-rico-earthquake-aftermath-deepens-as-govt-seeks-help/,Puerto Rico earthquake aftermath deepens as govt seeks help,Positive,1
20200109,masslive.com,https://www.masslive.com/news/2020/01/massachusetts-sister-community-in-puerto-rico-still-hurting-days-after-64-magnitude-earthquake-struck.html,Massachusetts ‘sister community’ in Puerto Rico still hurting days after 6.4 magnitude earthquake struck,Negative,1
20200109,wsvn.com,https://wsvn.com/news/us-world/public-health-emergency-declared-in-puerto-rico-after-deadly-earthquake-and-aftershocks/,Public health emergency declared in Puerto Rico after deadly earthquake and aftershocks - WSVN 7News,Negative,1
20200109,jamaica-gleaner.com,http://jamaica-gleaner.com/article/world-news/20200109/puerto-rico-earthquake-aftermath-deepens-govt-seeks-help,Puerto Rico earthquake aftermath deepens as gov't seeks help,Positive,1
20200109,prnewswire.com,https://www.prnewswire.com/news-releases/atax-tax-service-set-to-collect-donations-for-puerto-rico-earthquake-victims-at-weekend-roadside-fiestas-300984057.html,ATAX Tax Service Set to Collect Donations for Puerto Rico Earthquake Victims at Weekend Roadside Fiestas,Positive,1
20200109,staradvertiser.com,https://www.staradvertiser.com/2020/01/09/breaking-news/puerto-rico-earthquake-aftermath-deepens-as-govt-seeks-help/,Puerto Rico earthquake aftermath deepens as government seeks help,Positive,1
20200109,space.com,https://www.space.com/arecibo-observatory-puerto-rico-earthquake.html,Puerto Rico's Iconic Arecibo Observatory Closed by Major Earthquake,Neutral,1
20200109,smdailyjournal.com,https://www.smdailyjournal.com/opinion/other_voices/helping-puerto-rico-after-earthquake/article_0d71fe44-3284-11ea-b03e-e3833b9715db.html,Helping Puerto Rico after 5.8 earthquake,Positive,1
20200109,fox19.com,https://www.fox19.com/2020/01/09/local-salvation-army-heads-puerto-rico-earthquake-relief/,Local Salvation Army heads to Puerto Rico for earthquake relief,Positive,1
20200109,nbcconnecticut.com;nbcwashington.com;nbcnewyork.com;necn.com;nbclosangeles.com;nbcbayarea.com;nbcdfw.com;nbcmiami.com;nbcphiladelphia.com;nbcchicago.com;nbcsandiego.com,https://www.nbcconnecticut.com/news/national-international/puerto-rico-earthquake-aftermath-deepens-as-govt-seeks-help/2207823/<UDIV>https://www.nbcwashington.com/news/national-international/puerto-rico-earthquake-aftermath-deepens-as-govt-seeks-help/2198170/<UDIV>https://www.nbcnewyork.com/news/national-international/puerto-rico-earthquake-aftermath-deepens-as-govt-seeks-help/2257365/<UDIV>https://www.necn.com/news/national-international/puerto-rico-earthquake-aftermath-deepens-as-govt-seeks-help/2216477/<UDIV>https://www.nbclosangeles.com/news/national-international/puerto-rico-earthquake-aftermath-deepens-as-govt-seeks-help/2287940/<UDIV>https://www.nbcbayarea.com/news/national-international/puerto-rico-earthquake-aftermath-deepens-as-govt-seeks-help/2212849/<UDIV>https://www.nbcdfw.com/news/national-international/puerto-rico-earthquake-aftermath-deepens-as-govt-seeks-help/2289228/<UDIV>https://www.nbcmiami.com/news/national-international/puerto-rico-earthquake-aftermath-deepens-as-govt-seeks-help/2175142/<UDIV>https://www.nbcphiladelphia.com/news/national-international/puerto-rico-earthquake-aftermath-deepens-as-govt-seeks-help/2272690/<UDIV>https://www.nbcchicago.com/news/national-international/puerto-rico-earthquake-aftermath-deepens-as-govt-seeks-help/2198799/<UDIV>https://www.nbcsandiego.com/news/national-international/puerto-rico-earthquake-aftermath-deepens-as-govt-seeks-help/2241656/,Puerto Rico Earthquake Aftermath Deepens as Govt Seeks Help,Positive,1
20200109,voazimbabwe.com,https://www.voazimbabwe.com/a/puerto-rico-state-of-emergency-earthquake/5237300.html,Puerto Rico Announces State of Emergency After 6.4-magnitude Earthquake,Negative,1
20200109,mymcmedia.org,https://www.mymcmedia.org/jose-andres-joins-relief-chefs-in-puerto-rico-after-earthquake/,José Andrés Joins Relief Chefs in Puerto Rico After Earthquake,Positive,1
20200109,fox32chicago.com,https://www.fox32chicago.com/news/tourists-return-to-chicago-from-earthquake-devastation-in-puerto-rico,Tourists return to Chicago from earthquake devastation in Puerto Rico,Negative,0
20200109,cbsnews.com,https://www.cbsnews.com/news/puerto-rico-earthquake-costa-sur-power-plant-severely-damaged-hindering-efforts-to-restore-power-to-island/,"Puerto Rico power plant damaged in earthquake could be out for ""over a year,"" official says",Negative,1
20200109,wqad.com,https://wqad.com/2020/01/09/power-expected-to-return-to-all-of-puerto-rico-in-days-after-deadly-earthquake-and-aftershocks/,Power expected to return to all of Puerto Rico in days after deadly earthquake and aftershocks,Neutral,1
20200109,inforum.com,https://www.inforum.com/news/4855980-Fargo-father-and-son-visiting-Puerto-Rico-caught-in-major-earthquake,Fargo father and son visiting Puerto Rico caught in major earthquake,Neutral,0
20200109,earthquakenewstoday.com,http://www.earthquakenewstoday.com/2020/01/09/minor-earthquake-3-72-mag-has-occurred-near-guanica-in-puerto-rico/,"Minor earthquake, 3.72 mag has occurred near Guanica in Puerto Rico",Neutral,1
20200109,theglobeandmail.com,https://www.theglobeandmail.com/world/article-aftermath-of-puerto-rico-earthquake-deepens-as-government-seeks-help/,Aftermath of Puerto Rico earthquake deepens as government seeks help,Positive,1
20200109,insurancenewsnet.com,https://insurancenewsnet.com/oarticle/new-york-dems-demand-more-puerto-rico-earthquake-relief-after-trumps-inadequate-hurricane-response,New York Dems demand more Puerto Rico earthquake relief after Trump's 'inadequate' hurricane response,Neutral,0
20200109,earthquakenewstoday.com,http://www.earthquakenewstoday.com/2020/01/09/minor-earthquake-3-1-mag-was-detected-near-indios-in-puerto-rico/,"Minor earthquake, 3.1 mag was detected near Indios in Puerto Rico",Neutral,1
20200109,wkyc.com,https://www.wkyc.com/article/news/local/outreach/cleveland-students-organize-trip-to-serve-puerto-rico-after-devastating-earthquake/95-bdf20d37-07f9-4dce-8007-0956e07571a8,Local students organizing trip to serve Puerto Rico after devastating earthquake,Negative,1
20200109,earthquakenewstoday.com,http://www.earthquakenewstoday.com/2020/01/09/light-earthquake-4-03-mag-was-detected-near-indios-in-puerto-rico/,"Light earthquake, 4.03 mag was detected near Indios in Puerto Rico",Neutral,1
20200109,fox5ny.com,https://www.fox5ny.com/news/puerto-rico-government-overwhelmed-in-aftermath-of-earthquake,Puerto Rico government overwhelmed in aftermath of earthquake,Positive,1
20200109,nytimes.com,https://www.nytimes.com/2020/01/09/us/puerto-rico-earthquake.html,Into The Dark: Puerto Rico After the Earthquake,Neutral,1
20200109,adventistworld.org,https://www.adventistworld.org/adventist-church-in-puerto-rico-still-assessing-damage-after-earthquake/,Adventist Church in Puerto Rico Still Assessing Damage After Earthquake,Negative,1
20200109,earthquakenewstoday.com,http://www.earthquakenewstoday.com/2020/01/09/minor-earthquake-3-6-mag-has-occurred-near-indios-in-puerto-rico/,"Minor earthquake, 3.6 mag has occurred near Indios in Puerto Rico",Neutral,1
20200109,earthquakenewstoday.com,http://www.earthquakenewstoday.com/2020/01/09/minor-earthquake-3-7-mag-has-occurred-near-guanica-in-puerto-rico/,"Minor earthquake, 3.7 mag has occurred near Guanica in Puerto Rico",Neutral,1
20200109,lifehacker.com,https://lifehacker.com/how-to-help-puerto-rico-earthquake-relief-efforts-1840898288,How to Help Puerto Rico Earthquake Relief Efforts,Positive,1
20200109,worthynews.com,https://www.worthynews.com/46263-strongest-earthquake-to-hit-puerto-rico-since-1918-over-500-earthquakes-in-past-10-days,"Strongest Earthquake To Hit Puerto Rico Since 1918, Over 500 Earthquakes In Past 10 Days",Positive,1
20200109,electricenergyonline.com,https://electricenergyonline.com/article/energy/category/general/90/809463/governor-cuomo-deploys-state-power-authority-officials-to-puerto-rico-to-assist-with-earthquake-response.html,Governor Cuomo Deploys State Power Authority Officials to Puerto Rico to Assist with Earthquake Response,Positive,1
20200109,9news.com.au,https://www.9news.com.au/world/puerto-rico-earthquake-damage-worse-than-hurricane-maria/e46b9d5c-4839-419d-a99a-5f54018bf64c,Puerto Rico earthquake damage worse than Hurricane Maria,Negative,1
20200109,earthquakenewstoday.com,http://www.earthquakenewstoday.com/2020/01/09/minor-earthquake-2-93-mag-strikes-near-indios-in-puerto-rico/,"Minor earthquake, 2.93 mag strikes near Indios in Puerto Rico",Negative,1
20200110,earthquakenewstoday.com,http://www.earthquakenewstoday.com/2020/01/10/minor-earthquake-3-3-mag-was-detected-near-indios-in-puerto-rico/,"Minor earthquake, 3.3 mag was detected near Indios in Puerto Rico",Neutral,1
20200110,iheart.com,https://power1051.iheart.com/content/2020-01-10-power-expected-to-return-to-puerto-rico-this-weekend-following-earthquake/,Power Expected to Return to Puerto Rico This Weekend Following Earthquake,Neutral,1
20200110,earthquakenewstoday.com,http://www.earthquakenewstoday.com/2020/01/10/minor-earthquake-2-9-mag-strikes-near-indios-in-puerto-rico/,"Minor earthquake, 2.9 mag strikes near Indios in Puerto Rico",Negative,1
20200110,wtxl.com,https://www.wtxl.com/news/national-news/5-3-earthquake-strikes-puerto-rico-days-after-back-to-back-strikes,5.2 earthquake strikes Puerto Rico days after back-to-back strikes,Negative,1
20200110,fox35orlando.com,https://www.fox35orlando.com/news/residents-in-orlando-raise-donations-for-earthquake-victims-in-puerto-rico,Residents in Orlando raise donations for earthquake victims in Puerto Rico,Negative,1
20200110,earthquakenewstoday.com,http://www.earthquakenewstoday.com/2020/01/10/minor-earthquake-2-99-mag-was-detected-near-indios-in-puerto-rico/,"Minor earthquake, 2.99 mag was detected near Indios in Puerto Rico",Neutral,1
20200110,wmfe.org,https://www.wmfe.org/central-florida-continues-to-help-puerto-rico-after-earthquake/142624,Central Florida Continues To Help Puerto Rico After Earthquake,Positive,1
20200110,courant.com,http://www.courant.com/community/hartford/hc-news-hartford-puerto-rico-earthquake-20200110-b47z7m3urfbl7kyesfsfjfg2he-story.html,Connecticut leaders call on residents to support and speak up for Puerto Rico in wake of earthquake,Positive,1
20200110,earthquakenewstoday.com,http://www.earthquakenewstoday.com/2020/01/10/minor-earthquake-3-01-mag-was-detected-near-indios-in-puerto-rico/,"Minor earthquake, 3.01 mag was detected near Indios in Puerto Rico",Neutral,1
20200110,earthquakenewstoday.com,http://www.earthquakenewstoday.com/2020/01/10/minor-earthquake-3-28-mag-strikes-near-maria-antonia-in-puerto-rico/,"Minor earthquake, 3.28 mag strikes near Maria Antonia in Puerto Rico",Negative,1
20200110,earthquakenewstoday.com,http://www.earthquakenewstoday.com/2020/01/10/minor-earthquake-m3-49-quake-has-struck-near-guanica-in-puerto-rico/,Minor earthquake: M3.49 quake has struck near Guanica in Puerto Rico,Negative,1
20200110,voanews.com,https://www.voanews.com/usa/puerto-rico-earthquake-aftermath-worsens-government-overwhelmed,Puerto Rico Earthquake Aftermath Worsens; Government Overwhelmed,Negative,1
20200110,earthquakenewstoday.com,http://www.earthquakenewstoday.com/2020/01/10/minor-earthquake-m3-16-quake-has-struck-near-indios-in-puerto-rico/,Minor earthquake: M3.16 quake has struck near Indios in Puerto Rico,Negative,1
20200110,earthquakenewstoday.com,http://www.earthquakenewstoday.com/2020/01/10/minor-earthquake-m2-98-quake-has-struck-near-maria-antonia-in-puerto-rico/,Minor earthquake: M2.98 quake has struck near Maria Antonia in Puerto Rico,Negative,1
20200110,earthquakenewstoday.com,http://www.earthquakenewstoday.com/2020/01/10/minor-earthquake-3-22-mag-was-detected-near-indios-in-puerto-rico/,"Minor earthquake, 3.22 mag was detected near Indios in Puerto Rico",Neutral,1
20200110,earthquakenewstoday.com,http://www.earthquakenewstoday.com/2020/01/10/minor-earthquake-3-2-mag-was-detected-near-indios-in-puerto-rico/,"Minor earthquake, 3.2 mag was detected near Indios in Puerto Rico",Neutral,1
20200110,stripes.com,https://www.stripes.com/news/americas/200-puerto-rico-national-guard-troops-activated-in-earthquake-recovery-1.614206,200 Puerto Rico National Guard troops activated in earthquake recovery,Neutral,1
20200110,earthquakenewstoday.com,http://www.earthquakenewstoday.com/2020/01/10/minor-earthquake-3-02-mag-has-occurred-near-indios-in-puerto-rico/,"Minor earthquake, 3.02 mag has occurred near Indios in Puerto Rico",Neutral,1
20200110,abcactionnews.com,https://www.abcactionnews.com/news/region-hillsborough/floridians-launch-fundraising-effort-to-help-puerto-rico-after-earthquake,Floridians launch fundraising effort to help Puerto Rico after earthquake,Positive,1
20200110,reliefweb.int,https://reliefweb.int/report/puerto-rico-united-states-america/supplies-and-staff-deployed-puerto-rico-after-earthquake,Supplies and staff deployed to Puerto Rico after earthquake - Puerto Rico (The United States of America),Positive,1
20200110,earthquakenewstoday.com,http://www.earthquakenewstoday.com/2020/01/10/minor-earthquake-3-07-mag-puerto-rico/,"Minor earthquake 3.07 mag, Puerto Rico",Neutral,1
20200110,wtkr.com,https://wtkr.com/2020/01/10/full-power-expected-to-return-to-puerto-rico-this-weekend-after-earthquake/,Full power expected to return to Puerto Rico this weekend after earthquake,Neutral,1
20200110,wsvn.com,https://wsvn.com/news/us-world/full-power-is-expected-to-return-to-puerto-rico-this-weekend-after-earthquake/,Full power is expected to return to Puerto Rico this weekend after earthquake - WSVN 7News,Neutral,1
20200110,earthquakenewstoday.com,http://www.earthquakenewstoday.com/2020/01/10/minor-earthquake-2-96-mag-was-detected-near-guanica-in-puerto-rico/,"Minor earthquake, 2.96 mag was detected near Guanica in Puerto Rico",Neutral,1
20200110,earthquakenewstoday.com,http://www.earthquakenewstoday.com/2020/01/10/light-earthquake-4-6-mag-8-km-sse-of-tallaboa-puerto-rico/,"Light earthquake 4.6 mag, 8 km SSE of Tallaboa, Puerto Rico",Neutral,1
20200110,earthquakenewstoday.com,http://www.earthquakenewstoday.com/2020/01/10/minor-earthquake-3-9-mag-strikes-near-guanica-in-puerto-rico/,"Minor earthquake, 3.9 mag strikes near Guanica in Puerto Rico",Negative,1
20200110,earthquakenewstoday.com,http://www.earthquakenewstoday.com/2020/01/10/light-earthquake-4-4-mag-1-km-sse-of-maria-antonia-puerto-rico/,"Light earthquake 4.4 mag, 1 km SSE of Maria Antonia, Puerto Rico",Neutral,1
20200110,fox61.com,https://fox61.com/2020/01/10/full-power-is-expected-to-return-to-puerto-rico-this-weekend-after-earthquake/,Full power is expected to return to Puerto Rico this weekend after earthquake,Neutral,1
20200110,newsmax.com,https://www.newsmax.com/newsfront/puerto-rico-power-earthquake-emergency/2020/01/09/id/949194/,Report: PR Fears Quake-Hit Power Plant Out for Over Year,Negative,1
20200110,cbsnews.com,https://www.cbsnews.com/news/puerto-rico-earthquake-power-intermittent-thousands-sleeping-outside/,Power is intermittent as thousands sleep outside in quake-wary Puerto Rico,Neutral,1
20200110,baynews9.com,https://www.baynews9.com/fl/tampa/news/2020/01/09/florida-groups-fundraising-for-puerto-rico-earthquake-victims,Florida groups fundraising for Puerto Rico earthquake,Neutral,1
20200110,earthquakenewstoday.com,http://www.earthquakenewstoday.com/2020/01/10/minor-earthquake-2-8-mag-strikes-near-magas-arriba-in-puerto-rico/,"Minor earthquake, 2.8 mag strikes near Magas Arriba in Puerto Rico",Negative,1
20200110,earthquakenewstoday.com,http://www.earthquakenewstoday.com/2020/01/10/minor-earthquake-2-91-mag-strikes-near-tallaboa-in-puerto-rico/,"Minor earthquake, 2.91 mag strikes near Tallaboa in Puerto Rico",Negative,1
20200110,earthquakenewstoday.com,http://www.earthquakenewstoday.com/2020/01/10/minor-earthquake-2-87-mag-strikes-near-ponce-in-puerto-rico/,"Minor earthquake, 2.87 mag strikes near Ponce in Puerto Rico",Negative,1
20200110,nbcnews.com;nbcnews.com;nbcnews.com,https://www.nbcnews.com/news/latino/restoring-earthquake-hit-power-plant-puerto-rico-could-take-year-n1113186?cid=public-rss_20200109<UDIV>https://www.nbcnews.com/news/latino/restoring-earthquake-hit-power-plant-puerto-rico-could-take-year-n1113186<UDIV>https://www.nbcnews.com/news/latino/restoring-earthquake-hit-power-plant-puerto-rico-could-take-year-n1113186?cid=public-rss_20200110,Restoring an earthquake-hit power plant in Puerto Rico could take a year,Positive,1
20200110,earthquakenewstoday.com,http://www.earthquakenewstoday.com/2020/01/10/minor-earthquake-3-33-mag-has-occurred-near-guanica-in-puerto-rico/,"Minor earthquake, 3.33 mag has occurred near Guanica in Puerto Rico",Neutral,1
20200110,earthquakenewstoday.com,http://www.earthquakenewstoday.com/2020/01/10/minor-earthquake-2-94-mag-3-km-wsw-of-guanica-puerto-rico/,"Minor earthquake 2.94 mag, 3 km WSW of Guanica, Puerto Rico",Neutral,1
20200110,phillyvoice.com,https://www.phillyvoice.com/puerto-rico-earthquake-philadelphia-donations-relief-effort/,Here are some ways Philadelphians can help the Puerto Rico earthquake relief effort,Positive,1
20200110,earthquakenewstoday.com,http://www.earthquakenewstoday.com/2020/01/10/minor-earthquake-2-92-mag-was-detected-near-guanica-in-puerto-rico/,"Minor earthquake, 2.92 mag was detected near Guanica in Puerto Rico",Neutral,1
20200110,earthquakenewstoday.com,http://www.earthquakenewstoday.com/2020/01/10/minor-earthquake-3-99-mag-strikes-near-ponce-in-puerto-rico/,"Minor earthquake, 3.99 mag strikes near Ponce in Puerto Rico",Negative,1
20200110,earthquakenewstoday.com,http://www.earthquakenewstoday.com/2020/01/10/minor-earthquake-2-9-mag-6-km-ssw-of-indios-puerto-rico/,"Minor earthquake 2.9 mag, 6 km SSW of Indios, Puerto Rico",Neutral,1
20200110,earthquakenewstoday.com,http://www.earthquakenewstoday.com/2020/01/10/light-earthquake-4-8-mag-6-km-se-of-tallaboa-puerto-rico/,"Light earthquake 4.8 mag, 6 km SE of Tallaboa, Puerto Rico",Neutral,1
20200110,abc7chicago.com,https://abc7chicago.com/chicago-group-helping-elderly-nuns-left-homeless-by-puerto-rico-earthquake-/5831464/,Chicago's Catholic Extension helping elderly nuns left homeless by Puerto Rico earthquake,Positive,1
20200110,earthquakenewstoday.com,http://www.earthquakenewstoday.com/2020/01/10/minor-earthquake-m3-17-quake-has-struck-near-indios-in-puerto-rico/,Minor earthquake: M3.17 quake has struck near Indios in Puerto Rico,Negative,1
20200110,earthquakenewstoday.com,http://www.earthquakenewstoday.com/2020/01/10/minor-earthquake-3-3-mag-was-detected-near-puerto-rico-region/,"Minor earthquake, 3.3 mag was detected near Puerto Rico region",Neutral,1
20200110,earthquakenewstoday.com,http://www.earthquakenewstoday.com/2020/01/10/minor-earthquake-3-15-mag-has-occurred-near-indios-in-puerto-rico/,"Minor earthquake, 3.15 mag has occurred near Indios in Puerto Rico",Neutral,1
20200110,earthquakenewstoday.com,http://www.earthquakenewstoday.com/2020/01/10/minor-earthquake-3-05-mag-was-detected-near-tallaboa-in-puerto-rico/,"Minor earthquake, 3.05 mag was detected near Tallaboa in Puerto Rico",Neutral,1
20200110,earthquakenewstoday.com,http://www.earthquakenewstoday.com/2020/01/10/minor-earthquake-2-91-mag-has-occurred-near-guanica-in-puerto-rico/,"Minor earthquake, 2.91 mag has occurred near Guanica in Puerto Rico",Neutral,1
20200111,earthquakenewstoday.com,http://www.earthquakenewstoday.com/2020/01/10/minor-earthquake-3-9-mag-has-occurred-near-guanica-in-puerto-rico/,"Minor earthquake, 3.9 mag has occurred near Guanica in Puerto Rico",Neutral,1
20200111,earthquakenewstoday.com,http://www.earthquakenewstoday.com/2020/01/11/light-earthquake-4-2-mag-has-occurred-near-indios-in-puerto-rico/,"Light earthquake, 4.2 mag has occurred near Indios in Puerto Rico",Neutral,1
20200111,wsvn.com,https://wsvn.com/news/us-world/5-2-aftershock-hits-puerto-rico-days-after-earthquake/,5.2 aftershock hits Puerto Rico days after earthquake - WSVN 7News,Neutral,1
20200111,sflcn.com,https://sflcn.com/airbnb-activates-open-homes-program-for-puerto-rico-earthquake/,Airbnb Activates Open Homes Program for Puerto Rico Earthquake,Neutral,1
20200111,earthquakenewstoday.com,http://www.earthquakenewstoday.com/2020/01/11/minor-earthquake-3-53-mag-strikes-near-indios-in-puerto-rico/,"Minor earthquake, 3.53 mag strikes near Indios in Puerto Rico",Negative,1
20200111,earthquakenewstoday.com,http://www.earthquakenewstoday.com/2020/01/11/light-earthquake-4-mag-has-occurred-near-guanica-in-puerto-rico/,"Light earthquake, 4 mag has occurred near Guanica in Puerto Rico",Neutral,1
20200111,earthquakenewstoday.com,http://www.earthquakenewstoday.com/2020/01/11/minor-earthquake-3-65-mag-4-km-s-of-guanica-puerto-rico/,"Minor earthquake 3.65 mag, 4 km S of Guanica, Puerto Rico",Neutral,1
20200111,mynews13.com,https://www.mynews13.com/fl/orlando/news/2020/01/11/new-6-0-magnitude-earthquake-off-puerto-rico-s-coast,New 5.9 Magnitude Earthquake Off Puerto Rico's Coast,Neutral,1
20200111,wdel.com,https://www.wdel.com/news/another-earthquake-hits-puerto-rico-just-hours-after-most-power/article_d8cb99de-3481-11ea-b051-4b25ee36fc90.html,Another earthquake hits Puerto Rico just hours after most power reportedly was back after days of temblors,Neutral,1
20200111,theguardian.com,https://www.theguardian.com/world/2020/jan/11/puerto-rico-magnitude-60-earthquake,Puerto Rico: more power outages after magnitude 6.0 earthquake,Neutral,1
20200111,thestar.com,https://www.thestar.com/news/world/us/2020/01/11/california-sends-earthquake-response-experts-to-puerto-rico.html,California sends earthquake response experts to Puerto Rico,Neutral,1
20200111,independent.co.uk,https://www.independent.co.uk/news/world/americas/puerto-rico-earthquake-today-magnitude-latest-damage-deaths-a9279571.html,Puerto Rico hit by another earthquake as 6.0-magnitude tremor strikes southern coast,Negative,1
20200111,courant.com,http://www.courant.com/nation-world/ct-nw-puerto-rico-earthquake-20200111-wkzmexich5dyzcgjkvrknwqnpa-story.html,Magnitude 5.9 earthquake rocks punch-drunk Puerto Rico,Neutral,1
20200111,detroitnews.com,https://www.detroitnews.com/story/news/world/2020/01/11/puerto-rico-earthquake-power-outage/40976801/,Puerto Rico stunned after second major quake in five days,Negative,1
20200111,earthquakenewstoday.com,http://www.earthquakenewstoday.com/2020/01/11/minor-earthquake-m3-9-quake-has-struck-near-indios-in-puerto-rico/,Minor earthquake: M3.9 quake has struck near Indios in Puerto Rico,Negative,1
20200111,thedailybeast.com,http://www.thedailybeast.com/puerto-rico-struck-by-59-magnitude-earthquake,Puerto Rico Struck By 5.9 Magnitude Earthquake,Negative,1
20200111,earthquakenewstoday.com,http://www.earthquakenewstoday.com/2020/01/10/moderate-earthquake-5-3-mag-has-occurred-near-indios-in-puerto-rico/,"Moderate earthquake, 5.3 mag has occurred near Indios in Puerto Rico",Neutral,1
20200111,msnbc.com,http://www.msnbc.com/weekends-with-alex-witt/watch/5-9-magnitude-aftershock-hits-puerto-rico-days-after-earthquake-76495941518,5.9 magnitude aftershock hits Puerto Rico days after earthquake,Neutral,1
20200111,ndtv.com,https://www.ndtv.com/world-news/earthquake-hits-puerto-rico-2162569,Earthquake Measuring 5.9 On Richter Scale Hits Puerto Rico,Neutral,1
20200111,earthquakenewstoday.com,http://www.earthquakenewstoday.com/2020/01/11/minor-earthquake-3-5-mag-strikes-near-indios-in-puerto-rico-2/,"Minor earthquake, 3.5 mag strikes near Indios in Puerto Rico",Negative,1
20200111,earthquakenewstoday.com,http://www.earthquakenewstoday.com/2020/01/11/moderate-earthquake-5-mag-has-occurred-near-tallaboa-in-puerto-rico/,"Moderate earthquake, 5 mag has occurred near Tallaboa in Puerto Rico",Neutral,1
20200111,earthquakenewstoday.com,http://www.earthquakenewstoday.com/2020/01/11/strong-earthquake-6-mag-was-detected-near-guanica-in-puerto-rico/,"Strong earthquake, 6 mag was detected near Guanica in Puerto Rico",Positive,1
20200111,earthquakenewstoday.com,http://www.earthquakenewstoday.com/2020/01/11/light-earthquake-4-31-mag-was-detected-near-indios-in-puerto-rico/,"Light earthquake, 4.31 mag was detected near Indios in Puerto Rico",Neutral,1
20200111,earthquakenewstoday.com,http://www.earthquakenewstoday.com/2020/01/11/light-earthquake-m4-2-quake-has-struck-near-indios-in-puerto-rico/,Light earthquake: M4.2 quake has struck near Indios in Puerto Rico,Negative,1
20200111,earthquakenewstoday.com,http://www.earthquakenewstoday.com/2020/01/11/minor-earthquake-2-93-mag-has-occurred-near-guayanilla-in-puerto-rico/,"Minor earthquake, 2.93 mag has occurred near Guayanilla in Puerto Rico",Neutral,1
20200111,earthquakenewstoday.com,http://www.earthquakenewstoday.com/2020/01/11/light-earthquake-4-35-mag-strikes-near-guanica-in-puerto-rico/,"Light earthquake, 4.35 mag strikes near Guanica in Puerto Rico",Negative,1
20200111,earthquakenewstoday.com,http://www.earthquakenewstoday.com/2020/01/11/light-earthquake-4-mag-has-occurred-near-indios-in-puerto-rico/,"Light earthquake, 4 mag has occurred near Indios in Puerto Rico",Neutral,1
20200111,earthquakenewstoday.com,http://www.earthquakenewstoday.com/2020/01/11/minor-earthquake-3-53-mag-has-occurred-near-magas-arriba-in-puerto-rico/,"Minor earthquake, 3.53 mag has occurred near Magas Arriba in Puerto Rico",Neutral,1
20200111,newsmax.com,https://www.newsmax.com/newsfront/puerto-rico-earthquake/2020/01/11/id/949401/,Magnitude 5.9 Shock Again Rocks Quake-Stunned Puerto Rico,Negative,1
20200111,ktvq.com,https://www.ktvq.com/news/national-news/another-earthquake-hits-puerto-rico-with-5-9-magnitude,Another earthquake hits Puerto Rico with 5.9 magnitude,Neutral,1
20200111,earthquakenewstoday.com,http://www.earthquakenewstoday.com/2020/01/11/minor-earthquake-2-86-mag-strikes-near-palomas-in-puerto-rico/,"Minor earthquake, 2.86 mag strikes near Palomas in Puerto Rico",Negative,1
20200111,earthquakenewstoday.com,http://www.earthquakenewstoday.com/2020/01/11/minor-earthquake-3-43-mag-was-detected-near-maria-antonia-in-puerto-rico/,"Minor earthquake, 3.43 mag was detected near Maria Antonia in Puerto Rico",Neutral,1
20200111,cbsnews.com,https://www.cbsnews.com/news/puerto-rico-earthquake-magnitude-6-0-hits-today-2020-01-11/,Another earthquake rocks quake-stunned Puerto Rico,Neutral,1
20200111,earthquakenewstoday.com,http://www.earthquakenewstoday.com/2020/01/10/minor-earthquake-3-34-mag-has-occurred-near-guanica-in-puerto-rico/,"Minor earthquake, 3.34 mag has occurred near Guanica in Puerto Rico",Neutral,1
20200111,earthquakenewstoday.com,http://www.earthquakenewstoday.com/2020/01/11/minor-earthquake-3-9-mag-was-detected-near-indios-in-puerto-rico/,"Minor earthquake, 3.9 mag was detected near Indios in Puerto Rico",Neutral,1
20200111,umich.edu,https://news.umich.edu/puerto-rico-earthquake-and-aftermath-u-m-experts-can-discuss/,Puerto Rico earthquake and aftermath: U-M experts can discuss,Neutral,1
20200111,earthquakenewstoday.com,http://www.earthquakenewstoday.com/2020/01/11/light-earthquake-4-14-mag-strikes-near-guanica-in-puerto-rico/,"Light earthquake, 4.14 mag strikes near Guanica in Puerto Rico",Negative,1
20200111,earthquakenewstoday.com,http://www.earthquakenewstoday.com/2020/01/11/minor-earthquake-3-5-mag-was-detected-near-indios-in-puerto-rico/,"Minor earthquake, 3.5 mag was detected near Indios in Puerto Rico",Neutral,1
20200111,msnbc.com;msnbc.com,http://www.msnbc.com/am-joy/watch/puerto-rico-receives-aftershocks-after-earthquake-tuesday-76497989706<UDIV>https://www.msnbc.com/am-joy/watch/puerto-rico-receives-aftershocks-after-earthquake-tuesday-76497989706,Major aftershock hits Puerto Rico after Tuesday’s earthquake,Neutral,1
20200111,ktvu.com,https://www.ktvu.com/news/magnitude-6-0-earthquake-rocks-puerto-rico,Magnitude 5.9 shock again rocks quake-stunned Puerto Rico,Negative,1
20200111,abs-cbn.com,https://news.abs-cbn.com/overseas/01/11/20/strong-52-magnitude-earthquake-in-puerto-rico-cracks-walls-downs-power-lines,"Strong 5.2 magnitude earthquake in Puerto Rico cracks walls, downs power lines | ABS-CBN",Positive,1
20200111,digitaljournal.com,http://www.digitaljournal.com/news/world/southern-coast-of-puerto-rico-hit-by-another-big-earthquake/article/565013,Southern coast of Puerto Rico hit by another big earthquake,Neutral,1
20200111,earthquakenewstoday.com,http://www.earthquakenewstoday.com/2020/01/11/light-earthquake-4-4-mag-has-occurred-near-indios-in-puerto-rico/,"Light earthquake, 4.4 mag has occurred near Indios in Puerto Rico",Neutral,1
20200111,earthquakenewstoday.com,http://www.earthquakenewstoday.com/2020/01/11/minor-earthquake-3-1-mag-has-occurred-near-guanica-in-puerto-rico/,"Minor earthquake, 3.1 mag has occurred near Guanica in Puerto Rico",Neutral,1
20200111,freemalaysiatoday.com,https://www.freemalaysiatoday.com/category/world/2020/01/12/earthquake-of-magnitude-5-9-strikes-off-the-coast-of-puerto-rico/,Earthquake of magnitude 5.9 strikes off the coast of Puerto Rico,Negative,1
20200111,breitbart.com,https://www.breitbart.com/environment/2020/01/11/another-6-0-magnitude-earthquake-strikes-puerto-rico/,Another 6.0-Magnitude Earthquake Strikes Puerto Rico,Negative,1
20200111,earthquakenewstoday.com,http://www.earthquakenewstoday.com/2020/01/11/minor-earthquake-3-08-mag-was-detected-near-magas-arriba-in-puerto-rico/,"Minor earthquake, 3.08 mag was detected near Magas Arriba in Puerto Rico",Neutral,1
20200111,earthquakenewstoday.com,http://www.earthquakenewstoday.com/2020/01/11/light-earthquake-4-9-mag-strikes-near-indios-in-puerto-rico/,"Light earthquake, 4.9 mag strikes near Indios in Puerto Rico",Negative,1
20200111,naplesnews.com,https://www.naplesnews.com/story/news/world/2020/01/11/puerto-rico-earthquake-6-0-magnitude-quake-causes-damage-ponce/4441511002/,Magnitude 5.9 earthquake rocks Puerto Rico and causes landslide in Peñuelas,Neutral,1
20200111,wbir.com,https://www.wbir.com/article/weather/e-tn-couple-concerned-for-family-members-after-large-earthquake-shakes-puerto-rico/51-bb14b1ba-a0ed-4328-8edb-7b450fe23fa2,E. TN couple concerned for family members after large earthquake shakes Puerto Rico,Neutral,0
20200111,pulse.ng;pulse.com.gh,https://www.pulse.ng/the-new-york-times/world/earthquake-reveals-puerto-ricos-electric-utility-to-be-vulnerable-again/rryb4bs<UDIV>https://www.pulse.com.gh/the-new-york-times/world/earthquake-reveals-puerto-ricos-electric-utility-to-be-vulnerable-again/z8383qr,"Earthquake Reveals Puerto Rico's Electric Utility to Be Vulnerable, Again",Negative,1
20200111,earthquakenewstoday.com,http://www.earthquakenewstoday.com/2020/01/11/light-earthquake-4-2-mag-strikes-near-indios-in-puerto-rico/,"Light earthquake, 4.2 mag strikes near Indios in Puerto Rico",Negative,1
20200111,earthquakenewstoday.com,http://www.earthquakenewstoday.com/2020/01/11/minor-earthquake-m2-8-quake-has-struck-near-guanica-in-puerto-rico/,Minor earthquake: M2.8 quake has struck near Guanica in Puerto Rico,Negative,1
20200111,earthquakenewstoday.com,http://www.earthquakenewstoday.com/2020/01/11/minor-earthquake-m3-76-quake-has-struck-near-indios-in-puerto-rico/,Minor earthquake: M3.76 quake has struck near Indios in Puerto Rico,Negative,1
20200111,turnto23.com,https://www.turnto23.com/news/national/magnitude-5-9-earthquake-hits-puerto-rico,Magnitude 5.9 Earthquake Hits Puerto Rico,Neutral,1
20200111,boston.com,https://www.boston.com/news/national-news/2020/01/11/magnitude-6-0-earthquake-shakes-puerto-rico-just-days-after-recent-quake,Magnitude 6.0 earthquake shakes Puerto Rico just days after recent quake,Neutral,1
20200111,earthquakenewstoday.com,http://www.earthquakenewstoday.com/2020/01/11/minor-earthquake-3-8-mag-has-occurred-near-guanica-in-puerto-rico/,"Minor earthquake, 3.8 mag has occurred near Guanica in Puerto Rico",Neutral,1
20200111,earthquakenewstoday.com,http://www.earthquakenewstoday.com/2020/01/11/light-earthquake-4-mag-strikes-near-indios-in-puerto-rico-2/,"Light earthquake, 4 mag strikes near Indios in Puerto Rico",Negative,1
20200111,rnz.co.nz,https://www.rnz.co.nz/news/world/407115/strong-5-point-2-magnitude-earthquake-in-puerto-rico-cracks-walls-downs-power-lines,"Strong 5.2 magnitude earthquake in Puerto Rico cracks walls, downs power lines",Positive,1
20200111,nydailynews.com,http://www.nydailynews.com/news/world/ny-puerto-rico-struck-another-earthquake-20200111-2lysjs6yirdkjgv4bdlh6yg25a-story.html,Puerto Rico struck with with 5.9-magnitude earthquake,Negative,1
20200111,earthquakenewstoday.com,http://www.earthquakenewstoday.com/2020/01/10/moderate-earthquake-5-4-mag-was-detected-near-indios-in-puerto-rico/,"Moderate earthquake, 5.4 mag was detected near Indios in Puerto Rico",Neutral,1
20200111,earthquakenewstoday.com,http://www.earthquakenewstoday.com/2020/01/11/light-earthquake-4-7-mag-strikes-near-tallaboa-in-puerto-rico/,"Light earthquake, 4.7 mag strikes near Tallaboa in Puerto Rico",Negative,1
20200111,earthquakenewstoday.com,http://www.earthquakenewstoday.com/2020/01/11/minor-earthquake-3-5-mag-was-detected-near-guayanilla-in-puerto-rico/,"Minor earthquake, 3.5 mag was detected near Guayanilla in Puerto Rico",Neutral,1
20200111,earthquakenewstoday.com,http://www.earthquakenewstoday.com/2020/01/11/minor-earthquake-m2-89-quake-has-struck-near-magas-arriba-in-puerto-rico/,Minor earthquake: M2.89 quake has struck near Magas Arriba in Puerto Rico,Negative,1
20200111,earthquakenewstoday.com,http://www.earthquakenewstoday.com/2020/01/11/light-earthquake-4-7-mag-has-occurred-near-tallaboa-in-puerto-rico/,"Light earthquake, 4.7 mag has occurred near Tallaboa in Puerto Rico",Neutral,1
20200111,cnn.com,https://www.cnn.com/2020/01/11/us/puerto-rico-earthquake/,Puerto Rico hit by another earthquake,Neutral,1
20200111,nypost.com,https://nypost.com/2020/01/11/earthquake-rocks-puerto-rico-days-after-latest-quake/,Earthquake rocks Puerto Rico — days after latest quake,Neutral,1
20200111,insurancenewsnet.com,https://insurancenewsnet.com/oarticle/he-says-hes-pushing-for-puerto-rico-earthquake-aid-even-as-billions-in-maria-funds-lag,"He says he's pushing for Puerto Rico earthquake aid, even as billions in Maria funds lag",Negative,0
20200111,earthquakenewstoday.com,http://www.earthquakenewstoday.com/2020/01/11/light-earthquake-4-2-mag-was-detected-near-indios-in-puerto-rico/,"Light earthquake, 4.2 mag was detected near Indios in Puerto Rico",Neutral,1
20200111,earthquakenewstoday.com,http://www.earthquakenewstoday.com/2020/01/11/minor-earthquake-2-93-mag-was-detected-near-indios-in-puerto-rico/,"Minor earthquake, 2.93 mag was detected near Indios in Puerto Rico",Neutral,1
20200111,earthquakenewstoday.com,http://www.earthquakenewstoday.com/2020/01/11/minor-earthquake-3-04-mag-has-occurred-near-indios-in-puerto-rico/,"Minor earthquake, 3.04 mag has occurred near Indios in Puerto Rico",Neutral,1
20200111,earthquakenewstoday.com,http://www.earthquakenewstoday.com/2020/01/11/minor-earthquake-3-72-mag-6-km-s-of-guanica-puerto-rico/,"Minor earthquake 3.72 mag, 6 km S of Guanica, Puerto Rico",Neutral,1
20200111,earthquakenewstoday.com,http://www.earthquakenewstoday.com/2020/01/11/strong-earthquake-6-mag-13-km-s-of-indios-puerto-rico/,"Strong earthquake 6 mag, 13 km S of Indios, Puerto Rico",Positive,1
20200111,washingtonpost.com,https://www.washingtonpost.com/national/puerto-rico-earthquake-aftershocks-again-rattle-coastline-as-residents-deal-with-disaster-after-disaster/2020/01/11/f3c843a6-347f-11ea-9313-6cba89b1b9fb_story.html,Puerto Rico earthquake aftershocks again rattle coastline as residents deal with disaster after disaster,Negative,1
20200111,earthquakenewstoday.com,http://www.earthquakenewstoday.com/2020/01/11/minor-earthquake-3-58-mag-11-km-s-of-tallaboa-puerto-rico/,"Minor earthquake 3.58 mag, 11 km S of Tallaboa, Puerto Rico",Neutral,1
20200111,vox.com,https://www.vox.com/2020/1/11/21061388/puerto-rico-earthquake-magnitude-5-9-aftershocks,"Another earthquake hits Puerto Rico, with aftershocks expected",Neutral,1
20200111,cbc.ca,https://www.cbc.ca/news/world/puerto-rico-earthquake-1.5423695,'Everyone is out on the street': Latest Puerto Rico quake causes further damage,Negative,1
20200111,fox43.com,https://fox43.com/2020/01/10/5-2-aftershock-hits-puerto-rico-days-after-earthquake/,5.2 aftershock hits Puerto Rico days after earthquake,Neutral,1
20200111,wisn.com,https://www.wisn.com/article/54-aftershock-hits-puerto-rico-days-after-earthquake/30475151,Another earthquake hits Puerto Rico,Neutral,1
20200111,globalnews.ca,https://globalnews.ca/news/6398325/puerto-rico-magnitude-6-earthquake/,Puerto Rico hit by 5.9 magnitude earthquake just days after 6.4 quake in same region - National,Neutral,1
20200111,watchers.news,https://watchers.news/2020/01/11/shallow-m6-0-earthquake-hits-puerto-rico/,Shallow M5.9 earthquake hits Puerto Rico,Neutral,1
20200111,earthquakenewstoday.com,http://www.earthquakenewstoday.com/2020/01/11/minor-earthquake-3-8-mag-strikes-near-tallaboa-in-puerto-rico/,"Minor earthquake, 3.8 mag strikes near Tallaboa in Puerto Rico",Negative,1
20200111,newschannel5.com,https://www.newschannel5.com/news/clarksville-woman-witnesses-massive-puerto-rico-earthquake,Clarksville woman witnesses massive Puerto Rico earthquake,Neutral,0
20200111,earthquakenewstoday.com,http://www.earthquakenewstoday.com/2020/01/11/minor-earthquake-3-99-mag-has-occurred-near-guayanilla-in-puerto-rico/,"Minor earthquake, 3.99 mag has occurred near Guayanilla in Puerto Rico",Neutral,1
20200111,pulse.com.gh,https://www.pulse.com.gh/the-new-york-times/world/governor-signs-disaster-declaration-as-new-earthquake-rattles-puerto-rico/8y1qw3h,Governor Signs Disaster Declaration as New Earthquake Rattles Puerto Rico,Negative,1
20200111,theroot.com,https://www.theroot.com/more-damage-to-puerto-rico-as-magnitude-5-9-earthquake-1840949590,More Damage to Puerto Rico as Magnitude 5.9 Earthquake Rocks Island Saturday Morning,Negative,1
20200111,850wftl.com,https://www.850wftl.com/5-2-magnitude-aftershock-hits-puerto-rico-days-after-earthquake/,5.2 Magnitude aftershock hits Puerto Rico days after earthquake – 850 WFTL,Neutral,1
20200111,abc15.com,https://www.abc15.com/national/6-0-magnitude-earthquake-rocks-puerto-rico,6.0 magnitude earthquake rocks Puerto Rico,Neutral,1
20200111,cnbc.com,https://www.cnbc.com/2020/01/11/puerto-rico-hit-by-6point0-magnitude-earthquake.html,"Puerto Rico hit by new 6.0 magnitude earthquake, damaging island's southern coast",Negative,1
20200111,earthquakenewstoday.com,http://www.earthquakenewstoday.com/2020/01/10/moderate-earthquake-5-2-mag-strikes-near-indios-in-puerto-rico/,"Moderate earthquake, 5.2 mag strikes near Indios in Puerto Rico",Negative,1
20200111,abc10.com,https://www.abc10.com/article/weather/earthquakes/gov-newsom-to-send-disaster-specialists-to-assist-puerto-rico-with-earthquake-recovery/103-f09146d8-3ec2-42ed-ad79-2b66f0850f39,Gov. Newsom to send disaster specialists to assist Puerto Rico with earthquake recovery,Negative,1
20200111,earthquakenewstoday.com,http://www.earthquakenewstoday.com/2020/01/11/moderate-earthquake-5-9-mag-was-detected-near-guanica-in-puerto-rico/,"Moderate earthquake, 5.9 mag was detected near Guanica in Puerto Rico",Neutral,1
20200111,earthquakenewstoday.com,http://www.earthquakenewstoday.com/2020/01/11/minor-earthquake-2-82-mag-was-detected-near-indios-in-puerto-rico/,"Minor earthquake, 2.82 mag was detected near Indios in Puerto Rico",Neutral,1
20200112,earthquakenewstoday.com,http://www.earthquakenewstoday.com/2020/01/11/minor-earthquake-3-81-mag-has-occurred-near-puerto-rico/,"Minor earthquake, 3.81 mag has occurred near Puerto Rico",Neutral,1
20200112,earthquakenewstoday.com,http://www.earthquakenewstoday.com/2020/01/11/minor-earthquake-3-83-mag-has-occurred-near-maria-antonia-in-puerto-rico/,"Minor earthquake, 3.83 mag has occurred near Maria Antonia in Puerto Rico",Neutral,1
20200112,earthquakenewstoday.com,http://www.earthquakenewstoday.com/2020/01/12/light-earthquake-4-1-mag-was-detected-near-guanica-in-puerto-rico/,"Light earthquake, 4.1 mag was detected near Guanica in Puerto Rico",Neutral,1
20200112,earthquakenewstoday.com,http://www.earthquakenewstoday.com/2020/01/12/minor-earthquake-3-9-mag-strikes-near-palomas-in-puerto-rico/,"Minor earthquake, 3.9 mag strikes near Palomas in Puerto Rico",Negative,1
20200112,earthquakenewstoday.com,http://www.earthquakenewstoday.com/2020/01/12/light-earthquake-4-7-mag-has-occurred-near-guanica-in-puerto-rico/,"Light earthquake, 4.7 mag has occurred near Guanica in Puerto Rico",Neutral,1
20200112,earthquakenewstoday.com,http://www.earthquakenewstoday.com/2020/01/12/light-earthquake-4-1-mag-has-occurred-near-guanica-in-puerto-rico/,"Light earthquake, 4.1 mag has occurred near Guanica in Puerto Rico",Neutral,1
20200112,earthquakenewstoday.com,http://www.earthquakenewstoday.com/2020/01/12/minor-earthquake-m3-4-quake-has-struck-near-tallaboa-in-puerto-rico/,Minor earthquake: M3.4 quake has struck near Tallaboa in Puerto Rico,Negative,1
20200112,earthquakenewstoday.com,http://www.earthquakenewstoday.com/2020/01/12/minor-earthquake-3-49-mag-has-occurred-near-indios-in-puerto-rico/,"Minor earthquake, 3.49 mag has occurred near Indios in Puerto Rico",Neutral,1
20200112,earthquakenewstoday.com,http://www.earthquakenewstoday.com/2020/01/12/minor-earthquake-3-6-mag-strikes-near-maria-antonia-in-puerto-rico/,"Minor earthquake, 3.6 mag strikes near Maria Antonia in Puerto Rico",Negative,1
20200112,earthquakenewstoday.com,http://www.earthquakenewstoday.com/2020/01/11/minor-earthquake-3-35-mag-was-detected-near-indios-in-puerto-rico/,"Minor earthquake, 3.35 mag was detected near Indios in Puerto Rico",Neutral,1
20200112,earthquakenewstoday.com,http://www.earthquakenewstoday.com/2020/01/12/minor-earthquake-3-9-mag-was-detected-near-palomas-in-puerto-rico/,"Minor earthquake, 3.9 mag was detected near Palomas in Puerto Rico",Neutral,1
20200112,columbian.com,https://www.columbian.com/news/2020/jan/11/another-earthquake-rocks-puerto-rico-causing-millions-of-dollars-in-damage/,"Another earthquake rocks Puerto Rico, causing millions of dollars in damage",Negative,1
20200112,earthquakenewstoday.com,http://www.earthquakenewstoday.com/2020/01/12/light-earthquake-4-7-mag-has-occurred-near-la-parguera-in-puerto-rico/,"Light earthquake, 4.7 mag has occurred near La Parguera in Puerto Rico",Neutral,1
20200112,earthquakenewstoday.com,http://www.earthquakenewstoday.com/2020/01/12/minor-earthquake-m3-7-quake-has-struck-near-indios-in-puerto-rico/,Minor earthquake: M3.7 quake has struck near Indios in Puerto Rico,Negative,1
20200112,fox35orlando.com,https://www.fox35orlando.com/news/orlando-church-offers-support-for-earthquake-hit-puerto-rico,Orlando church offers support for earthquake-hit Puerto Rico,Positive,1
20200112,earthquakenewstoday.com,http://www.earthquakenewstoday.com/2020/01/12/minor-earthquake-3-81-mag-17-km-sse-of-guanica-puerto-rico/,"Minor earthquake 3.81 mag, 17 km SSE of Guanica, Puerto Rico",Neutral,1
20200112,whio.com,https://www.whio.com/news/national/magnitude-earthquake-hits-near-puerto-rico/C6UmMQduRvFtKFFr3tlkFP/,Magnitude 5.9 earthquake hits near Puerto Rico,Neutral,1
20200112,earthquakenewstoday.com,http://www.earthquakenewstoday.com/2020/01/12/light-earthquake-4-4-mag-strikes-near-guanica-in-puerto-rico/,"Light earthquake, 4.4 mag strikes near Guanica in Puerto Rico",Negative,1
20200112,earthquakenewstoday.com,http://www.earthquakenewstoday.com/2020/01/12/light-earthquake-4-5-mag-has-occurred-near-guanica-in-puerto-rico/,"Light earthquake, 4.5 mag has occurred near Guanica in Puerto Rico",Neutral,1
20200112,earthquakenewstoday.com,http://www.earthquakenewstoday.com/2020/01/12/minor-earthquake-m3-63-quake-has-struck-near-guanica-in-puerto-rico/,Minor earthquake: M3.63 quake has struck near Guanica in Puerto Rico,Negative,1
20200112,fox61.com,https://fox61.com/2020/01/11/puerto-rico-suffers-another-earthquake-ct-residents-react/,"Puerto Rico suffers another earthquake, CT residents react",Negative,1
20200112,earthquakenewstoday.com,http://www.earthquakenewstoday.com/2020/01/12/light-earthquake-4-6-mag-has-occurred-near-tallaboa-in-puerto-rico/,"Light earthquake, 4.6 mag has occurred near Tallaboa in Puerto Rico",Neutral,1
20200112,earthquakenewstoday.com,http://www.earthquakenewstoday.com/2020/01/11/light-earthquake-4-9-mag-has-occurred-near-maria-antonia-in-puerto-rico/,"Light earthquake, 4.9 mag has occurred near Maria Antonia in Puerto Rico",Neutral,1
20200112,dailyrepublic.com,https://www.dailyrepublic.com/all-dr-news/wires/state-nation-world/puerto-rico-hit-by-another-magnitude-5-9-earthquake/,Puerto Rico hit by another magnitude 5.9 earthquake,Neutral,1
20200112,earthquakenewstoday.com,http://www.earthquakenewstoday.com/2020/01/12/light-earthquake-m4-5-quake-has-struck-near-indios-in-puerto-rico/,Light earthquake: M4.5 quake has struck near Indios in Puerto Rico,Negative,1
20200112,earthquakenewstoday.com,http://www.earthquakenewstoday.com/2020/01/11/minor-earthquake-3-63-mag-5-km-ssw-of-indios-puerto-rico/,"Minor earthquake 3.63 mag, 5 km SSW of Indios, Puerto Rico",Neutral,1
20200112,dailycaller.com,https://dailycaller.com/2020/01/11/earthquake-rocks-puerto-rico/,Another Huge Earthquake Rocks Puerto Rico,Positive,1
20200112,wtkr.com,https://wtkr.com/2020/01/11/magnitude-5-9-earthquake-rocks-quake-stunned-puerto-rico/,Magnitude 5.9 earthquake rocks quake-stunned Puerto Rico,Neutral,1
20200112,earthquakenewstoday.com,http://www.earthquakenewstoday.com/2020/01/12/light-earthquake-4-9-mag-was-detected-near-guanica-in-puerto-rico/,"Light earthquake, 4.9 mag was detected near Guanica in Puerto Rico",Neutral,1
20200112,earthquakenewstoday.com,http://www.earthquakenewstoday.com/2020/01/12/minor-earthquake-3-54-mag-has-occurred-near-maria-antonia-in-puerto-rico/,"Minor earthquake, 3.54 mag has occurred near Maria Antonia in Puerto Rico",Neutral,1
20200112,earthquakenewstoday.com,http://www.earthquakenewstoday.com/2020/01/12/light-earthquake-4-2-mag-10-km-sse-of-indios-puerto-rico/,"Light earthquake 4.2 mag, 10 km SSE of Indios, Puerto Rico",Neutral,1
20200112,earthquakenewstoday.com,http://www.earthquakenewstoday.com/2020/01/11/minor-earthquake-3-55-mag-has-occurred-near-maria-antonia-in-puerto-rico/,"Minor earthquake, 3.55 mag has occurred near Maria Antonia in Puerto Rico",Neutral,1
20200112,earthquakenewstoday.com,http://www.earthquakenewstoday.com/2020/01/12/light-earthquake-4-mag-strikes-near-guanica-in-puerto-rico/,"Light earthquake, 4 mag strikes near Guanica in Puerto Rico",Negative,1
20200113,nationalmortgagenews.com,https://www.nationalmortgagenews.com/news/latest-puerto-rico-earthquake-further-vexing-mortgage-servicers,Latest Puerto Rico earthquake further vexing servicers,Negative,1
20200113,earthquakenewstoday.com,http://www.earthquakenewstoday.com/2020/01/13/light-earthquake-4-5-mag-12-km-s-of-indios-puerto-rico/,"Light earthquake 4.5 mag, 12 km S of Indios, Puerto Rico",Neutral,1
20200113,earthquakenewstoday.com,http://www.earthquakenewstoday.com/2020/01/13/minor-earthquake-3-57-mag-has-occurred-near-palmarejo-in-puerto-rico/,"Minor earthquake, 3.57 mag has occurred near Palmarejo in Puerto Rico",Neutral,1
20200113,earthquakenewstoday.com,http://www.earthquakenewstoday.com/2020/01/13/light-earthquake-4-6-mag-12-km-s-of-indios-puerto-rico/,"Light earthquake 4.6 mag, 12 km S of Indios, Puerto Rico",Neutral,1
20200113,earthquakenewstoday.com,http://www.earthquakenewstoday.com/2020/01/13/minor-earthquake-2-8-mag-strikes-near-maria-antonia-in-puerto-rico/,"Minor earthquake, 2.8 mag strikes near Maria Antonia in Puerto Rico",Negative,1
20200113,earthquakenewstoday.com,http://www.earthquakenewstoday.com/2020/01/13/minor-earthquake-m3-26-quake-has-struck-near-guanica-in-puerto-rico/,Minor earthquake: M3.26 quake has struck near Guanica in Puerto Rico,Negative,1
20200113,earthquakenewstoday.com,http://www.earthquakenewstoday.com/2020/01/13/light-earthquake-4-4-mag-has-occurred-near-tallaboa-in-puerto-rico-2/,"Light earthquake, 4.4 mag has occurred near Tallaboa in Puerto Rico",Neutral,1
20200113,earthquakenewstoday.com,http://www.earthquakenewstoday.com/2020/01/13/light-earthquake-4-3-mag-14-km-s-of-tallaboa-puerto-rico/,"Light earthquake 4.3 mag, 14 km S of Tallaboa, Puerto Rico",Neutral,1
20200113,earthquakenewstoday.com,http://www.earthquakenewstoday.com/2020/01/13/minor-earthquake-m3-7-quake-has-struck-near-guanica-in-puerto-rico/,Minor earthquake: M3.7 quake has struck near Guanica in Puerto Rico,Negative,1
20200113,earthquakenewstoday.com,http://www.earthquakenewstoday.com/2020/01/13/minor-earthquake-2-88-mag-was-detected-near-ponce-in-puerto-rico/,"Minor earthquake, 2.88 mag was detected near Ponce in Puerto Rico",Neutral,1
20200113,earthquakenewstoday.com,http://www.earthquakenewstoday.com/2020/01/13/minor-earthquake-2-86-mag-was-detected-near-guanica-in-puerto-rico-2/,"Minor earthquake, 2.86 mag was detected near Guanica in Puerto Rico",Neutral,1
20200113,earthquakenewstoday.com,http://www.earthquakenewstoday.com/2020/01/13/minor-earthquake-3-23-mag-was-detected-near-guanica-in-puerto-rico/,"Minor earthquake, 3.23 mag was detected near Guanica in Puerto Rico",Neutral,1
20200113,earthquakenewstoday.com,http://www.earthquakenewstoday.com/2020/01/13/minor-earthquake-3-27-mag-strikes-near-la-parguera-in-puerto-rico/,"Minor earthquake, 3.27 mag strikes near La Parguera in Puerto Rico",Negative,1
20200113,earthquakenewstoday.com,http://www.earthquakenewstoday.com/2020/01/13/minor-earthquake-3-3-mag-was-detected-near-palomas-in-puerto-rico/,"Minor earthquake, 3.3 mag was detected near Palomas in Puerto Rico",Neutral,1
20200113,earthquakenewstoday.com,http://www.earthquakenewstoday.com/2020/01/13/minor-earthquake-2-83-mag-strikes-near-indios-in-puerto-rico/,"Minor earthquake, 2.83 mag strikes near Indios in Puerto Rico",Negative,1
20200113,earthquakenewstoday.com,http://www.earthquakenewstoday.com/2020/01/13/minor-earthquake-3-08-mag-2-km-wnw-of-tallaboa-puerto-rico/,"Minor earthquake 3.08 mag, 2 km WNW of Tallaboa, Puerto Rico",Neutral,1
20200113,earthquakenewstoday.com,http://www.earthquakenewstoday.com/2020/01/13/light-earthquake-4-5-mag-has-occurred-near-tallaboa-in-puerto-rico-2/,"Light earthquake, 4.5 mag has occurred near Tallaboa in Puerto Rico",Neutral,1
20200113,npr.org;wesm913.org,https://www.npr.org/2020/01/13/795995564/the-state-of-earthquake-recovery-in-puerto-rico<UDIV>https://www.wesm913.org/post/state-earthquake-recovery-puerto-rico,"One Week After Puerto Rico Earthquake, Thousands Are Still Sleeping Outside",Neutral,1
20200113,news12.com,http://connecticut.news12.com/story/41556707/bridgeport-leaders-pledge-help-to-puerto-rico-earthquake-victims,Bridgeport leaders pledge help to Puerto Rico earthquake victims,Positive,1
20200113,earthquakenewstoday.com,http://www.earthquakenewstoday.com/2020/01/13/light-earthquake-4-6-mag-strikes-near-indios-in-puerto-rico/,"Light earthquake, 4.6 mag strikes near Indios in Puerto Rico",Negative,1
20200113,earthquakenewstoday.com,http://www.earthquakenewstoday.com/2020/01/13/minor-earthquake-3-5-mag-strikes-near-palomas-in-puerto-rico/,"Minor earthquake, 3.5 mag strikes near Palomas in Puerto Rico",Negative,1
20200113,earthquakenewstoday.com,http://www.earthquakenewstoday.com/2020/01/13/minor-earthquake-3-13-mag-has-occurred-near-guayanilla-in-puerto-rico/,"Minor earthquake, 3.13 mag has occurred near Guayanilla in Puerto Rico",Neutral,1
20200113,earthquakenewstoday.com,http://www.earthquakenewstoday.com/2020/01/13/minor-earthquake-m2-97-quake-has-struck-near-indios-in-puerto-rico/,Minor earthquake: M2.97 quake has struck near Indios in Puerto Rico,Negative,1
20200113,earthquakenewstoday.com,http://www.earthquakenewstoday.com/2020/01/13/minor-earthquake-2-97-mag-10-km-s-of-ponce-puerto-rico/,"Minor earthquake 2.97 mag, 10 km S of Ponce, Puerto Rico",Neutral,1
20200113,informedinfrastructure.com,https://informedinfrastructure.com/52606/global-earthquake-recovery-specialist-heads-to-puerto-rico/,Global Earthquake Recovery Specialist Heads to Puerto Rico,Neutral,1
20200113,earthquakenewstoday.com,http://www.earthquakenewstoday.com/2020/01/13/minor-earthquake-m2-87-quake-has-struck-near-indios-in-puerto-rico/,Minor earthquake: M2.87 quake has struck near Indios in Puerto Rico,Negative,1
20200113,earthquakenewstoday.com,http://www.earthquakenewstoday.com/2020/01/13/minor-earthquake-3-6-mag-strikes-near-tallaboa-in-puerto-rico/,"Minor earthquake, 3.6 mag strikes near Tallaboa in Puerto Rico",Negative,1
20200113,cleveland19.com,https://www.cleveland19.com/2020/01/13/puerto-rico-earthquake-survivors-start-arriving-northeast-ohio/,Puerto Rico earthquake survivors start arriving to Northeast Ohio,Neutral,1
20200113,earthquakenewstoday.com,http://www.earthquakenewstoday.com/2020/01/13/minor-earthquake-3-5-mag-strikes-near-tallaboa-in-puerto-rico/,"Minor earthquake, 3.5 mag strikes near Tallaboa in Puerto Rico",Negative,1
20200113,earthquakenewstoday.com,http://www.earthquakenewstoday.com/2020/01/12/light-earthquake-4-mag-has-occurred-near-palmarejo-in-puerto-rico/,"Light earthquake, 4 mag has occurred near Palmarejo in Puerto Rico",Neutral,1
20200113,earthquakenewstoday.com,http://www.earthquakenewstoday.com/2020/01/13/minor-earthquake-3-8-mag-was-detected-near-la-parguera-in-puerto-rico/,"Minor earthquake, 3.8 mag was detected near La Parguera in Puerto Rico",Neutral,1
20200113,earthquakenewstoday.com,http://www.earthquakenewstoday.com/2020/01/13/minor-earthquake-m3-9-quake-has-struck-near-guanica-in-puerto-rico-2/,Minor earthquake: M3.9 quake has struck near Guanica in Puerto Rico,Negative,1
20200113,watchers.news,https://watchers.news/2020/01/07/very-strong-and-shallow-m6-5-earthquake-hits-puerto-rico/,"Very strong and shallow M6.4 earthquake hits Puerto Rico — power outages, widespread damage reported",Positive,1
20200113,earthquakenewstoday.com,http://www.earthquakenewstoday.com/2020/01/13/minor-earthquake-2-81-mag-strikes-near-indios-in-puerto-rico/,"Minor earthquake, 2.81 mag strikes near Indios in Puerto Rico",Negative,1
20200113,earthquakenewstoday.com,http://www.earthquakenewstoday.com/2020/01/13/minor-earthquake-2-97-mag-16-km-sse-of-guanica-puerto-rico/,"Minor earthquake 2.97 mag, 16 km SSE of Guanica, Puerto Rico",Neutral,1
20200113,earthquakenewstoday.com,http://www.earthquakenewstoday.com/2020/01/13/minor-earthquake-3-52-mag-has-occurred-near-indios-in-puerto-rico/,"Minor earthquake, 3.52 mag has occurred near Indios in Puerto Rico",Neutral,1
20200113,earthquakenewstoday.com,http://www.earthquakenewstoday.com/2020/01/13/minor-earthquake-3-65-mag-puerto-rico-region/,"Minor earthquake 3.65 mag, Puerto Rico region",Neutral,1
20200113,opb.org,https://www.opb.org/news/article/mercy-corps-in-puerto-rico-offering-aid-after-earthquake/,Portland-Based Mercy Corps In Puerto Rico Offering Aid After Earthquake,Positive,1
20200113,earthquakenewstoday.com,http://www.earthquakenewstoday.com/2020/01/13/minor-earthquake-2-81-mag-8-km-ssw-of-tallaboa-puerto-rico/,"Minor earthquake 2.81 mag, 8 km SSW of Tallaboa, Puerto Rico",Neutral,1
20200113,earthquakenewstoday.com,http://www.earthquakenewstoday.com/2020/01/13/minor-earthquake-m3-54-quake-has-struck-near-guanica-in-puerto-rico/,Minor earthquake: M3.54 quake has struck near Guanica in Puerto Rico,Negative,1
20200114,koimoi.com,https://www.koimoi.com/outside-bollywood/marvels-the-falcon-and-the-winter-soldier-shoot-halted-due-to-earthquake-in-puerto-rico/,Marvel’s The Falcon And The Winter Soldier Shoot Halted Due To Earthquake In Puerto Rico,Negative,1
20200114,earthquakenewstoday.com,http://www.earthquakenewstoday.com/2020/01/14/light-earthquake-4-5-mag-5-km-w-of-fuig-puerto-rico/,"Light earthquake 4.5 mag, 5 km W of Fuig, Puerto Rico",Neutral,1
20200114,geo.tv,https://www.geo.tv/latest/267408-puerto-rico-earthquake-delays-the-falcon-and-the-winter-soldier-shoot,Puerto Rico earthquake delays 'The Falcon and The Winter Soldier' shoot,Negative,0
20200114,earthquakenewstoday.com,http://www.earthquakenewstoday.com/2020/01/14/light-earthquake-4-9-mag-strikes-near-tallaboa-in-puerto-rico/,"Light earthquake, 4.9 mag strikes near Tallaboa in Puerto Rico",Negative,1
20200114,earthquakenewstoday.com,http://www.earthquakenewstoday.com/2020/01/13/minor-earthquake-3-8-mag-was-detected-near-indios-in-puerto-rico/,"Minor earthquake, 3.8 mag was detected near Indios in Puerto Rico",Neutral,1
20200114,earthquakenewstoday.com,http://www.earthquakenewstoday.com/2020/01/14/minor-earthquake-3-9-mag-19-km-sse-of-guanica-puerto-rico/,"Minor earthquake 3.9 mag, 19 km SSE of Guanica, Puerto Rico",Neutral,1
20200114,earthquakenewstoday.com,http://www.earthquakenewstoday.com/2020/01/13/minor-earthquake-3-5-mag-strikes-near-la-parguera-in-puerto-rico/,"Minor earthquake, 3.5 mag strikes near La Parguera in Puerto Rico",Negative,1
20200114,hyperallergic.com,https://hyperallergic.com/537002/puerto-ricos-arts-institutions-mobilize-after-strongest-earthquake-in-its-history/,Puerto Rico’s Arts Institutions Mobilize After Strongest Earthquake in a Century,Positive,1
20200114,earthquakenewstoday.com,http://www.earthquakenewstoday.com/2020/01/14/minor-earthquake-3-41-mag-was-detected-near-guanica-in-puerto-rico/,"Minor earthquake, 3.41 mag was detected near Guanica in Puerto Rico",Neutral,1
20200114,earthquakenewstoday.com,http://www.earthquakenewstoday.com/2020/01/14/minor-earthquake-m3-69-quake-has-struck-near-maria-antonia-in-puerto-rico/,Minor earthquake: M3.69 quake has struck near Maria Antonia in Puerto Rico,Negative,1
20200114,earthquakenewstoday.com,http://www.earthquakenewstoday.com/2020/01/14/minor-earthquake-3-1-mag-strikes-near-guanica-in-puerto-rico/,"Minor earthquake, 3.1 mag strikes near Guanica in Puerto Rico",Negative,1
20200114,earthquakenewstoday.com,http://www.earthquakenewstoday.com/2020/01/14/minor-earthquake-3-31-mag-strikes-near-guanica-in-puerto-rico/,"Minor earthquake, 3.31 mag strikes near Guanica in Puerto Rico",Negative,1
20200114,mycentraljersey.com,https://www.mycentraljersey.com/story/news/local/middlesex-county/2020/01/14/puerto-rico-earthquake-relief-donations-collected-perth-amboy-today/4465074002/,Puerto Rico earthquake relief donations collected in Perth Amboy,Positive,1
20200114,earthquakenewstoday.com,http://www.earthquakenewstoday.com/2020/01/14/light-earthquake-m4-5-quake-has-struck-near-guanica-in-puerto-rico/,Light earthquake: M4.5 quake has struck near Guanica in Puerto Rico,Negative,1
20200114,earthquakenewstoday.com,http://www.earthquakenewstoday.com/2020/01/14/minor-earthquake-3-59-mag-1-km-w-of-indios-puerto-rico/,"Minor earthquake 3.59 mag, 1 km W of Indios, Puerto Rico",Neutral,1
20200114,earthquakenewstoday.com,http://www.earthquakenewstoday.com/2020/01/14/minor-earthquake-m3-21-quake-has-struck-near-la-parguera-in-puerto-rico/,Minor earthquake: M3.21 quake has struck near La Parguera in Puerto Rico,Negative,1
20200114,earthquakenewstoday.com,http://www.earthquakenewstoday.com/2020/01/14/minor-earthquake-2-97-mag-strikes-near-la-parguera-in-puerto-rico/,"Minor earthquake, 2.97 mag strikes near La Parguera in Puerto Rico",Negative,1
20200114,wqad.com,https://wqad.com/2020/01/14/rock-island-mission-group-returns-as-witnesses-to-earthquake-rattled-puerto-rico/,Rock Island mission group returns as witnesses to earthquake-rattled Puerto Rico,Neutral,1
20200114,earthquakenewstoday.com,http://www.earthquakenewstoday.com/2020/01/14/minor-earthquake-3-03-mag-has-occurred-near-indios-in-puerto-rico/,"Minor earthquake, 3.03 mag has occurred near Indios in Puerto Rico",Neutral,1
20200114,scvnews.com,https://scvnews.com/newsom-deploys-earthquake-disaster-team-to-puerto-rico/,Newsom Deploys Earthquake Disaster Team to Puerto Rico,Negative,1
20200114,thenews.com.pk,https://www.thenews.com.pk/latest/598474-the-falcon-and-the-winter-soldier-shoot-suspended-after-earthquake-hits-puerto-rico,'The Falcon and The Winter Soldier' shoot suspended after earthquake hits Puerto Rico,Negative,0
20200114,earthquakenewstoday.com,http://www.earthquakenewstoday.com/2020/01/14/light-earthquake-4-3-mag-strikes-near-fuig-in-puerto-rico/,"Light earthquake, 4.3 mag strikes near Fuig in Puerto Rico",Negative,1
20200114,earthquakenewstoday.com,http://www.earthquakenewstoday.com/2020/01/14/minor-earthquake-3-38-mag-strikes-near-indios-in-puerto-rico/,"Minor earthquake, 3.38 mag strikes near Indios in Puerto Rico",Negative,1
20200114,earthquakenewstoday.com,http://www.earthquakenewstoday.com/2020/01/14/minor-earthquake-m3-3-quake-has-struck-near-guanica-in-puerto-rico/,Minor earthquake: M3.3 quake has struck near Guanica in Puerto Rico,Negative,1
20200114,earthquakenewstoday.com,http://www.earthquakenewstoday.com/2020/01/14/minor-earthquake-m3-3-quake-has-struck-near-indios-in-puerto-rico/,Minor earthquake: M3.3 quake has struck near Indios in Puerto Rico,Negative,1
20200114,earthquakenewstoday.com,http://www.earthquakenewstoday.com/2020/01/14/light-earthquake-4-5-mag-was-detected-near-fuig-in-puerto-rico/,"Light earthquake, 4.5 mag was detected near Fuig in Puerto Rico",Neutral,1
20200114,watermarkonline.com,http://www.watermarkonline.com/2020/01/14/puerto-rico-lgbtq-activists-join-earthquake-relief-efforts/,Puerto Rico LGBTQ activists join earthquake relief efforts,Positive,1
20200114,earthquakenewstoday.com,http://www.earthquakenewstoday.com/2020/01/14/minor-earthquake-3-62-mag-strikes-near-tallaboa-in-puerto-rico/,"Minor earthquake, 3.62 mag strikes near Tallaboa in Puerto Rico",Negative,1
20200114,fox61.com,https://fox61.com/2020/01/13/bridgeport-officials-join-efforts-in-assisting-puerto-rico-earthquake-relief/,Bridgeport officials join efforts in assisting Puerto Rico earthquake relief,Positive,1
20200114,earthquakenewstoday.com,http://www.earthquakenewstoday.com/2020/01/14/light-earthquake-m4-6-quake-has-struck-near-tallaboa-in-puerto-rico/,Light earthquake: M4.6 quake has struck near Tallaboa in Puerto Rico,Negative,1
20200114,reliefweb.int,https://reliefweb.int/report/puerto-rico-united-states-america/fema-and-other-federal-agencies-supporting-earthquake,"FEMA and other Federal Agencies Supporting Earthquake Response in Puerto Rico (January 12, 2020) - Puerto Rico (The United States of America)",Positive,1
20200114,earthquakenewstoday.com,http://www.earthquakenewstoday.com/2020/01/14/minor-earthquake-3-7-mag-strikes-near-maria-antonia-in-puerto-rico/,"Minor earthquake, 3.7 mag strikes near Maria Antonia in Puerto Rico",Negative,1
20200114,earthquakenewstoday.com,http://www.earthquakenewstoday.com/2020/01/14/light-earthquake-4-2-mag-strikes-near-maria-antonia-in-puerto-rico/,"Light earthquake, 4.2 mag strikes near Maria Antonia in Puerto Rico",Negative,1
20200114,earthquakenewstoday.com,http://www.earthquakenewstoday.com/2020/01/14/light-earthquake-4-mag-9-km-se-of-guanica-puerto-rico/,"Light earthquake 4 mag, 9 km SE of Guanica, Puerto Rico",Neutral,1
20200114,clutchpoints.com,https://clutchpoints.com/jazz-news-donovan-mitchell-auctioning-off-shoes-for-puerto-rico-earthquake-australia-fire-relief/,"Jazz news: Donovan Mitchell sells shoes for PR earthquake, Australia fire",Negative,0
20200114,earthquakenewstoday.com,http://www.earthquakenewstoday.com/2020/01/14/minor-earthquake-3-3-mag-19-km-s-of-guanica-puerto-rico/,"Minor earthquake 3.3 mag, 19 km S of Guanica, Puerto Rico",Neutral,1
20200115,earthquakenewstoday.com,http://www.earthquakenewstoday.com/2020/01/14/minor-earthquake-3-mag-strikes-near-guanica-in-puerto-rico-2/,"Minor earthquake, 3 mag strikes near Guanica in Puerto Rico",Negative,1
20200115,fox61.com,https://fox61.com/2020/01/15/magnitude-5-2-earthquake-shakes-puerto-rico/,Magnitude 5.2 earthquake shakes Puerto Rico,Neutral,1
20200115,theconversation.com,http://theconversation.com/earthquake-forecast-for-puerto-rico-dozens-more-large-aftershocks-are-likely-129874,Earthquake forecast for Puerto Rico: Dozens more large aftershocks are likely,Neutral,1
20200115,earthquakenewstoday.com,http://www.earthquakenewstoday.com/2020/01/15/light-earthquake-4-mag-strikes-near-tallaboa-alta-in-puerto-rico/,"Light earthquake, 4 mag strikes near Tallaboa Alta in Puerto Rico",Negative,1
20200115,earthquakenewstoday.com,http://www.earthquakenewstoday.com/2020/01/15/moderate-earthquake-5-1-mag-was-detected-near-yauco-in-puerto-rico/,"Moderate earthquake, 5.1 mag was detected near Yauco in Puerto Rico",Neutral,1
20200115,850wftl.com,https://www.850wftl.com/puerto-rico-hit-by-another-strong-earthquake/,Puerto Rico Hit By Another Strong Earthquake – 850 WFTL,Positive,1
20200115,dailymail.co.uk,https://www.dailymail.co.uk/news/article-7891415/Puerto-Rico-rattled-5-1-magnitude-earthquake.html,Puerto Rico is rattled by a 5.1 magnitude earthquake,Neutral,1
20200115,earthquakenewstoday.com,http://www.earthquakenewstoday.com/2020/01/15/minor-earthquake-3-04-mag-2-km-wsw-of-indios-puerto-rico/,"Minor earthquake 3.04 mag, 2 km WSW of Indios, Puerto Rico",Neutral,1
20200115,earthquakenewstoday.com,http://www.earthquakenewstoday.com/2020/01/15/minor-earthquake-3-08-mag-was-detected-near-indios-in-puerto-rico/,"Minor earthquake, 3.08 mag was detected near Indios in Puerto Rico",Neutral,1
20200115,orlandosentinel.com,http://www.orlandosentinel.com/opinion/guest-commentary/os-op-earthquake-puerto-rico-haiti-20200115-24f7bpwqdvbjdgbucywpvzbfva-story.html,2010 Haiti earthquake has lessons for Puerto Rico | Commentary,Neutral,0
20200115,earthquakenewstoday.com,http://www.earthquakenewstoday.com/2020/01/15/minor-earthquake-3-41-mag-strikes-near-tallaboa-alta-in-puerto-rico/,"Minor earthquake, 3.41 mag strikes near Tallaboa Alta in Puerto Rico",Negative,1
20200115,wfyi.org,https://www.wfyi.org/news/articles/hoosiers-collect-donations-for-puerto-rico-earthquake-victims,Hoosiers Collect Donations For Puerto Rico Earthquake Victims,Negative,1
20200115,wtsp.com,https://www.wtsp.com/article/news/nation-world/another-earthquake-strikes-puerto-rico/67-6598444a-6b32-4f22-8a46-3f103be0f919,Another earthquake strikes Puerto Rico,Negative,1
20200115,local10.com,https://www.local10.com/news/local/2020/01/15/52-magnitude-earthquake-rocks-puerto-rico/,Magnitude 5.2 earthquake rocks Puerto Rico,Neutral,1
20200115,krgv.com,https://www.krgv.com/news/valley-nonprofit-taking-donations-to-aid-earthquake-victims-in-puerto-rico,Valley Nonprofit Taking Donations to Aid Earthquake Victims in Puerto Rico,Negative,1
20200115,earthquakenewstoday.com,http://www.earthquakenewstoday.com/2020/01/15/minor-earthquake-m2-8-quake-has-struck-near-tallaboa-in-puerto-rico/,Minor earthquake: M2.8 quake has struck near Tallaboa in Puerto Rico,Negative,1
20200115,earthquakenewstoday.com,http://www.earthquakenewstoday.com/2020/01/14/minor-earthquake-3-mag-was-detected-near-indios-in-puerto-rico/,"Minor earthquake, 3 mag was detected near Indios in Puerto Rico",Neutral,1
20200115,wsvn.com,https://wsvn.com/news/us-world/puerto-rico-hit-by-5-2-magnitude-earthquake/,Puerto Rico hit by 5.2 magnitude earthquake - WSVN 7News,Neutral,1
20200115,earthquakenewstoday.com,http://www.earthquakenewstoday.com/2020/01/14/light-earthquake-4-3-mag-20-km-sse-of-maria-antonia-puerto-rico/,"Light earthquake 4.3 mag, 20 km SSE of Maria Antonia, Puerto Rico",Neutral,1
20200115,earthquakenewstoday.com,http://www.earthquakenewstoday.com/2020/01/15/moderate-earthquake-m5-2-quake-has-struck-near-guanica-in-puerto-rico/,Moderate earthquake: M5.2 quake has struck near Guanica in Puerto Rico,Negative,1
20200115,earthquakenewstoday.com,http://www.earthquakenewstoday.com/2020/01/14/minor-earthquake-3-16-mag-was-detected-near-maria-antonia-in-puerto-rico/,"Minor earthquake, 3.16 mag was detected near Maria Antonia in Puerto Rico",Neutral,1
20200115,earthquakenewstoday.com,http://www.earthquakenewstoday.com/2020/01/15/minor-earthquake-2-98-mag-strikes-near-maria-antonia-in-puerto-rico/,"Minor earthquake, 2.98 mag strikes near Maria Antonia in Puerto Rico",Negative,1
20200115,earthquakenewstoday.com,http://www.earthquakenewstoday.com/2020/01/15/minor-earthquake-2-86-mag-was-detected-near-indios-in-puerto-rico/,"Minor earthquake, 2.86 mag was detected near Indios in Puerto Rico",Neutral,1
20200115,independent.co.uk,https://www.independent.co.uk/news/world/americas/puerto-rico-earthquake-magnitude-damage-aftershocks-latest-a9285036.html,Puerto Rico hit by another earthquake as island reels from aftershocks,Neutral,1
20200115,theepochtimes.com,https://www.theepochtimes.com/strong-earthquake-hits-puerto-rico-usgs-says-1280-so-far_3205044.html,"5.2 Earthquake Hits Puerto Rico; USGS Says 1,280 so Far",Neutral,1
20200115,earthquakenewstoday.com,http://www.earthquakenewstoday.com/2020/01/15/minor-earthquake-m2-8-quake-has-struck-near-indios-in-puerto-rico/,Minor earthquake: M2.8 quake has struck near Indios in Puerto Rico,Negative,1
20200115,earthquakenewstoday.com,http://www.earthquakenewstoday.com/2020/01/15/minor-earthquake-m2-83-quake-has-struck-near-san-antonio-in-puerto-rico-4/,Minor earthquake: M2.83 quake has struck near San Antonio in Puerto Rico,Negative,1
20200115,wesh.com,https://www.wesh.com/article/another-earthquake-rattles-puerto-rico-5-2-magnitude/30532749,Magnitude 5.2 earthquake rattles Puerto Rico,Neutral,1
20200115,earthquakenewstoday.com,http://www.earthquakenewstoday.com/2020/01/15/minor-earthquake-3-9-mag-4-km-s-of-guanica-puerto-rico/,"Minor earthquake 3.9 mag, 4 km S of Guanica, Puerto Rico",Neutral,1
20200115,kyma.com,https://kyma.com/news/top-stories/2020/01/15/puerto-rico-hit-by-5-2-magnitude-earthquake/,Puerto Rico hit by 5.2 magnitude earthquake,Neutral,1
20200115,colostate.edu,https://source.colostate.edu/earthquake-forecast-for-puerto-rico-dozens-more-large-aftershocks-are-likely/,Puerto Rico earthquakes Earthquake forecast for Puerto Rico: Dozens more large aftershocks are likely,Neutral,1
20200115,earthquakenewstoday.com,http://www.earthquakenewstoday.com/2020/01/15/minor-earthquake-2-88-mag-5-km-ese-of-la-parguera-puerto-rico/,"Minor earthquake 2.88 mag, 5 km ESE of La Parguera, Puerto Rico",Neutral,1
20200115,earthquakenewstoday.com,http://www.earthquakenewstoday.com/2020/01/15/light-earthquake-m4-quake-has-struck-near-guanica-in-puerto-rico/,Light earthquake: M4 quake has struck near Guanica in Puerto Rico,Negative,1
20200115,earthquakenewstoday.com,http://www.earthquakenewstoday.com/2020/01/15/minor-earthquake-3-56-mag-strikes-near-tallaboa-in-puerto-rico/,"Minor earthquake, 3.56 mag strikes near Tallaboa in Puerto Rico",Negative,1
20200115,arrl.org,http://www.arrl.org/news/puerto-rico-earthquake-relief-effort-continues-with-help-from-ham-radio,"Puerto Rico Earthquake Relief Effort Continues, with Help from Ham Radio",Positive,1
20200115,earthquakenewstoday.com,http://www.earthquakenewstoday.com/2020/01/15/minor-earthquake-3-14-mag-16-km-sse-of-guanica-puerto-rico/,"Minor earthquake 3.14 mag, 16 km SSE of Guanica, Puerto Rico",Neutral,1
20200116,earthquakenewstoday.com,http://www.earthquakenewstoday.com/2020/01/15/minor-earthquake-3-9-mag-was-detected-near-puerto-rico-region/,"Minor earthquake, 3.9 mag was detected near Puerto Rico region",Neutral,1
20200116,earthquakenewstoday.com,http://www.earthquakenewstoday.com/2020/01/16/minor-earthquake-3-3-mag-strikes-near-guanica-in-puerto-rico-2/,"Minor earthquake, 3.3 mag strikes near Guanica in Puerto Rico",Negative,1
20200116,earthquakenewstoday.com,http://www.earthquakenewstoday.com/2020/01/16/minor-earthquake-3-1-mag-has-occurred-near-indios-in-puerto-rico/,"Minor earthquake, 3.1 mag has occurred near Indios in Puerto Rico",Neutral,1
20200116,earthquakenewstoday.com,http://www.earthquakenewstoday.com/2020/01/16/minor-earthquake-3-55-mag-6-km-sw-of-tallaboa-puerto-rico/,"Minor earthquake 3.55 mag, 6 km SW of Tallaboa, Puerto Rico",Neutral,1
20200116,earthquakenewstoday.com,http://www.earthquakenewstoday.com/2020/01/16/minor-earthquake-m3-2-quake-has-struck-near-guanica-in-puerto-rico/,Minor earthquake: M3.2 quake has struck near Guanica in Puerto Rico,Negative,1
20200116,thesundaily.my,https://www.thesundaily.my/world/living-in-tents-thousands-of-puerto-rico-s-earthquake-survivors-wait-for-relief-AH1898310,"Living in tents, thousands of Puerto Rico’s earthquake survivors wait for relief",Positive,1
20200116,earthquakenewstoday.com,http://www.earthquakenewstoday.com/2020/01/16/minor-earthquake-3-22-mag-3-km-se-of-indios-puerto-rico/,"Minor earthquake 3.22 mag, 3 km SE of Indios, Puerto Rico",Neutral,1
20200116,earthquakenewstoday.com,http://www.earthquakenewstoday.com/2020/01/16/minor-earthquake-2-94-mag-strikes-near-maria-antonia-in-puerto-rico/,"Minor earthquake, 2.94 mag strikes near Maria Antonia in Puerto Rico",Negative,1
20200116,earthquakenewstoday.com,http://www.earthquakenewstoday.com/2020/01/16/minor-earthquake-3-1-mag-was-detected-near-guanica-in-puerto-rico/,"Minor earthquake, 3.1 mag was detected near Guanica in Puerto Rico",Neutral,1
20200116,earthquakenewstoday.com,http://www.earthquakenewstoday.com/2020/01/16/minor-earthquake-3-5-mag-was-detected-near-penuelas-in-puerto-rico/,"Minor earthquake, 3.5 mag was detected near Penuelas in Puerto Rico",Neutral,1
20200116,earthquakenewstoday.com,http://www.earthquakenewstoday.com/2020/01/16/minor-earthquake-3-mag-8-km-sse-of-la-parguera-puerto-rico/,"Minor earthquake 3 mag, 8 km SSE of La Parguera, Puerto Rico",Neutral,1
20200116,earthquakenewstoday.com,http://www.earthquakenewstoday.com/2020/01/16/minor-earthquake-3-68-mag-strikes-near-guanica-in-puerto-rico/,"Minor earthquake, 3.68 mag strikes near Guanica in Puerto Rico",Negative,1
20200116,earthquakenewstoday.com,http://www.earthquakenewstoday.com/2020/01/16/light-earthquake-4-3-mag-has-occurred-near-tallaboa-in-puerto-rico-2/,"Light earthquake, 4.3 mag has occurred near Tallaboa in Puerto Rico",Neutral,1
20200116,earthquakenewstoday.com,http://www.earthquakenewstoday.com/2020/01/16/minor-earthquake-3-3-mag-strikes-near-indios-in-puerto-rico/,"Minor earthquake, 3.3 mag strikes near Indios in Puerto Rico",Negative,1
20200116,earthquakenewstoday.com,http://www.earthquakenewstoday.com/2020/01/16/minor-earthquake-m3-2-quake-has-struck-near-penuelas-in-puerto-rico/,Minor earthquake: M3.2 quake has struck near Penuelas in Puerto Rico,Negative,1
20200116,earthquakenewstoday.com,http://www.earthquakenewstoday.com/2020/01/16/minor-earthquake-3-5-mag-strikes-near-penuelas-in-puerto-rico/,"Minor earthquake, 3.5 mag strikes near Penuelas in Puerto Rico",Negative,1
20200116,earthquakenewstoday.com,http://www.earthquakenewstoday.com/2020/01/16/minor-earthquake-3-4-mag-strikes-near-fuig-in-puerto-rico/,"Minor earthquake, 3.4 mag strikes near Fuig in Puerto Rico",Negative,1
20200116,earthquakenewstoday.com,http://www.earthquakenewstoday.com/2020/01/16/light-earthquake-4-5-mag-was-detected-near-la-parguera-in-puerto-rico/,"Light earthquake, 4.5 mag was detected near La Parguera in Puerto Rico",Neutral,1
20200116,nst.com.my,https://www.nst.com.my/world/world/2020/01/556924/living-tents-thousands-puerto-ricos-earthquake-survivors-wait-relief,"Living in tents, thousands of Puerto Rico's earthquake survivors wait for relief",Positive,1
20200116,earthquakenewstoday.com,http://www.earthquakenewstoday.com/2020/01/16/minor-earthquake-m3-9-quake-has-struck-near-maria-antonia-in-puerto-rico/,Minor earthquake: M3.9 quake has struck near Maria Antonia in Puerto Rico,Negative,1
20200116,earthquakenewstoday.com,http://www.earthquakenewstoday.com/2020/01/16/minor-earthquake-3-mag-has-occurred-near-guanica-in-puerto-rico/,"Minor earthquake, 3 mag has occurred near Guanica in Puerto Rico",Neutral,1
20200116,earthquakenewstoday.com,http://www.earthquakenewstoday.com/2020/01/16/minor-earthquake-3-2-mag-has-occurred-near-magas-arriba-in-puerto-rico/,"Minor earthquake, 3.2 mag has occurred near Magas Arriba in Puerto Rico",Neutral,1
20200116,inquirer.com,https://www.inquirer.com/news/nation-world/puerto-rico-earthquake-families-20200116.html,Displaced families await post-quake housing in Puerto Rico,Positive,1
20200116,earthquakenewstoday.com,http://www.earthquakenewstoday.com/2020/01/16/minor-earthquake-3-mag-3-km-sw-of-tallaboa-puerto-rico/,"Minor earthquake 3 mag, 3 km SW of Tallaboa, Puerto Rico",Neutral,1
20200116,earthquakenewstoday.com,http://www.earthquakenewstoday.com/2020/01/16/minor-earthquake-2-9-mag-has-occurred-near-tallaboa-in-puerto-rico/,"Minor earthquake, 2.9 mag has occurred near Tallaboa in Puerto Rico",Neutral,1
20200116,clarksvilleonline.com,https://www.clarksvilleonline.com/2020/01/16/nasas-aria-team-mapped-damage-in-southwestern-puerto-rico-after-earthquake/,NASA’s ARIA Team mapped damage in Southwestern Puerto Rico after Earthquake,Negative,1
20200116,earthquakenewstoday.com,http://www.earthquakenewstoday.com/2020/01/15/minor-earthquake-3-54-mag-was-detected-near-guanica-in-puerto-rico/,"Minor earthquake, 3.54 mag was detected near Guanica in Puerto Rico",Neutral,1
20200116,cnn.com,https://www.cnn.com/2020/01/16/us/puerto-rico-earthquake-damaged-buildings/,Earthquake-damaged buildings cripple Puerto Rico,Neutral,1
20200116,earthquakenewstoday.com,http://www.earthquakenewstoday.com/2020/01/16/minor-earthquake-3-36-mag-was-detected-near-magas-arriba-in-puerto-rico/,"Minor earthquake, 3.36 mag was detected near Magas Arriba in Puerto Rico",Neutral,1
20200116,earthquakenewstoday.com,http://www.earthquakenewstoday.com/2020/01/16/minor-earthquake-m2-87-quake-has-struck-near-maria-antonia-in-puerto-rico/,Minor earthquake: M2.87 quake has struck near Maria Antonia in Puerto Rico,Negative,1
20200116,earthquakenewstoday.com,http://www.earthquakenewstoday.com/2020/01/16/minor-earthquake-3-4-mag-strikes-near-indios-in-puerto-rico/,"Minor earthquake, 3.4 mag strikes near Indios in Puerto Rico",Negative,1
20200116,earthquakenewstoday.com,http://www.earthquakenewstoday.com/2020/01/16/minor-earthquake-2-97-mag-was-detected-near-guanica-in-puerto-rico/,"Minor earthquake, 2.97 mag was detected near Guanica in Puerto Rico",Neutral,1
20200116,earthquakenewstoday.com,http://www.earthquakenewstoday.com/2020/01/16/light-earthquake-4-3-mag-6-km-sw-of-guanica-puerto-rico/,"Light earthquake 4.3 mag, 6 km SW of Guanica, Puerto Rico",Neutral,1
20200116,earthquakenewstoday.com,http://www.earthquakenewstoday.com/2020/01/16/minor-earthquake-2-8-mag-has-occurred-near-indios-in-puerto-rico/,"Minor earthquake, 2.8 mag has occurred near Indios in Puerto Rico",Neutral,1
20200116,earthquakenewstoday.com,http://www.earthquakenewstoday.com/2020/01/16/minor-earthquake-3-34-mag-strikes-near-guanica-in-puerto-rico/,"Minor earthquake, 3.34 mag strikes near Guanica in Puerto Rico",Negative,1
20200116,earthquakenewstoday.com,http://www.earthquakenewstoday.com/2020/01/16/minor-earthquake-3-32-mag-has-occurred-near-guanica-in-puerto-rico/,"Minor earthquake, 3.32 mag has occurred near Guanica in Puerto Rico",Neutral,1
20200116,earthquakenewstoday.com,http://www.earthquakenewstoday.com/2020/01/16/minor-earthquake-3-2-mag-strikes-near-indios-in-puerto-rico/,"Minor earthquake, 3.2 mag strikes near Indios in Puerto Rico",Negative,1
20200116,earthquakenewstoday.com,http://www.earthquakenewstoday.com/2020/01/16/light-earthquake-4-1-mag-has-occurred-near-maria-antonia-in-puerto-rico/,"Light earthquake, 4.1 mag has occurred near Maria Antonia in Puerto Rico",Neutral,1
20200116,earthquakenewstoday.com,http://www.earthquakenewstoday.com/2020/01/16/minor-earthquake-3-04-mag-13-km-s-of-indios-puerto-rico/,"Minor earthquake 3.04 mag, 13 km S of Indios, Puerto Rico",Neutral,1
20200116,earthquakenewstoday.com,http://www.earthquakenewstoday.com/2020/01/16/minor-earthquake-3-63-mag-strikes-near-yauco-in-puerto-rico/,"Minor earthquake, 3.63 mag strikes near Yauco in Puerto Rico",Negative,1
20200116,godanriver.com,https://www.godanriver.com/entertainment_lifestyles/faces_places/god-s-pit-crew-responds-to-earthquake-in-puerto-rico/article_1739c8a9-3ea3-593b-ae6c-895f701457ac.html,God's Pit Crew responds to earthquake in Puerto Rico,Neutral,1
20200116,earthquakenewstoday.com,http://www.earthquakenewstoday.com/2020/01/16/minor-earthquake-3-2-mag-strikes-near-guanica-in-puerto-rico/,"Minor earthquake, 3.2 mag strikes near Guanica in Puerto Rico",Negative,1
20200116,earthquakenewstoday.com,http://www.earthquakenewstoday.com/2020/01/16/minor-earthquake-3-5-mag-was-detected-near-la-parguera-in-puerto-rico/,"Minor earthquake, 3.5 mag was detected near La Parguera in Puerto Rico",Neutral,1
20200116,earthquakenewstoday.com,http://www.earthquakenewstoday.com/2020/01/16/minor-earthquake-3-2-mag-has-occurred-near-guanica-in-puerto-rico/,"Minor earthquake, 3.2 mag has occurred near Guanica in Puerto Rico",Neutral,1
20200116,earthquakenewstoday.com,http://www.earthquakenewstoday.com/2020/01/16/minor-earthquake-3-7-mag-was-detected-near-guanica-in-puerto-rico/,"Minor earthquake, 3.7 mag was detected near Guanica in Puerto Rico",Neutral,1
20200116,insurancenewsnet.com,https://insurancenewsnet.com/oarticle/gov-cuomo-sending-more-help-to-earthquake-ravaged-puerto-rico,New York Sending More Help To Earthquake-Ravaged Puerto Rico,Positive,1
20200116,reliefweb.int,https://reliefweb.int/report/puerto-rico-united-states-america/puerto-rico-earthquake-situation-report-3-january-15-2020,"Puerto Rico Earthquake Situation Report #3 - January 15, 2020 - Puerto Rico (The United States of America)",Positive,1
20200116,earthquakenewstoday.com,http://www.earthquakenewstoday.com/2020/01/16/minor-earthquake-m3-8-quake-has-struck-near-magas-arriba-in-puerto-rico/,Minor earthquake: M3.8 quake has struck near Magas Arriba in Puerto Rico,Negative,1
20200116,earthquakenewstoday.com,http://www.earthquakenewstoday.com/2020/01/16/minor-earthquake-2-9-mag-was-detected-near-magas-arriba-in-puerto-rico/,"Minor earthquake, 2.9 mag was detected near Magas Arriba in Puerto Rico",Neutral,1
20200116,earthquakenewstoday.com,http://www.earthquakenewstoday.com/2020/01/16/light-earthquake-4-8-mag-has-occurred-near-tallaboa-in-puerto-rico/,"Light earthquake, 4.8 mag has occurred near Tallaboa in Puerto Rico",Neutral,1
20200116,earthquakenewstoday.com,http://www.earthquakenewstoday.com/2020/01/16/minor-earthquake-3-8-mag-strikes-near-guanica-in-puerto-rico/,"Minor earthquake, 3.8 mag strikes near Guanica in Puerto Rico",Negative,1
20200116,earthquakenewstoday.com,http://www.earthquakenewstoday.com/2020/01/16/minor-earthquake-2-93-mag-was-detected-near-guanica-in-puerto-rico/,"Minor earthquake, 2.93 mag was detected near Guanica in Puerto Rico",Neutral,1
20200116,earthquakenewstoday.com,http://www.earthquakenewstoday.com/2020/01/16/minor-earthquake-m3-2-quake-has-struck-near-maria-antonia-in-puerto-rico/,Minor earthquake: M3.2 quake has struck near Maria Antonia in Puerto Rico,Negative,1
20200116,earthquakenewstoday.com,http://www.earthquakenewstoday.com/2020/01/16/minor-earthquake-3-4-mag-5-km-sse-of-indios-puerto-rico/,"Minor earthquake 3.4 mag, 5 km SSE of Indios, Puerto Rico",Neutral,1
20200116,earthquakenewstoday.com,http://www.earthquakenewstoday.com/2020/01/15/minor-earthquake-3-16-mag-4-km-wsw-of-guanica-puerto-rico/,"Minor earthquake 3.16 mag, 4 km WSW of Guanica, Puerto Rico",Neutral,1
20200116,catholicworldreport.com,https://www.catholicworldreport.com/2020/01/16/tabernacle-retrieved-intact-from-church-destroyed-by-earthquake-in-puerto-rico/,Tabernacle retrieved intact from church destroyed by earthquake in Puerto Rico,Negative,0
20200116,earthquakenewstoday.com,http://www.earthquakenewstoday.com/2020/01/16/minor-earthquake-3-06-mag-strikes-near-magas-arriba-in-puerto-rico/,"Minor earthquake, 3.06 mag strikes near Magas Arriba in Puerto Rico",Negative,1
20200116,earthquakenewstoday.com,http://www.earthquakenewstoday.com/2020/01/16/light-earthquake-4-mag-strikes-near-la-parguera-in-puerto-rico/,"Light earthquake, 4 mag strikes near La Parguera in Puerto Rico",Negative,1
20200116,earthquakenewstoday.com,http://www.earthquakenewstoday.com/2020/01/16/minor-earthquake-m3-35-quake-has-struck-near-tallaboa-in-puerto-rico/,Minor earthquake: M3.35 quake has struck near Tallaboa in Puerto Rico,Negative,1
20200116,wtkr.com,https://wtkr.com/2020/01/15/virginia-beach-pet-rescue-group-flying-in-dogs-from-earthquake-stricken-puerto-rico/,Virginia Beach pet rescue group flying in dogs from earthquake-stricken Puerto Rico,Positive,1
20200116,earthquakenewstoday.com,http://www.earthquakenewstoday.com/2020/01/16/minor-earthquake-3-2-mag-2-km-ssw-of-indios-puerto-rico/,"Minor earthquake 3.2 mag, 2 km SSW of Indios, Puerto Rico",Neutral,1
20200117,earthquakenewstoday.com,http://www.earthquakenewstoday.com/2020/01/17/minor-earthquake-m3-25-quake-has-struck-near-la-parguera-in-puerto-rico/,Minor earthquake: M3.25 quake has struck near La Parguera in Puerto Rico,Negative,1
20200117,earthquakenewstoday.com,http://www.earthquakenewstoday.com/2020/01/17/minor-earthquake-2-97-mag-1-km-ssw-of-indios-puerto-rico/,"Minor earthquake 2.97 mag, 1 km SSW of Indios, Puerto Rico",Neutral,1
20200117,earthquakenewstoday.com,http://www.earthquakenewstoday.com/2020/01/17/minor-earthquake-3-07-mag-has-occurred-near-indios-in-puerto-rico-2/,"Minor earthquake, 3.07 mag has occurred near Indios in Puerto Rico",Neutral,1
20200117,earthquakenewstoday.com,http://www.earthquakenewstoday.com/2020/01/17/minor-earthquake-2-99-mag-7-km-se-of-tallaboa-puerto-rico/,"Minor earthquake 2.99 mag, 7 km SE of Tallaboa, Puerto Rico",Neutral,1
20200117,earthquakenewstoday.com,http://www.earthquakenewstoday.com/2020/01/17/minor-earthquake-3-02-mag-strikes-near-la-parguera-in-puerto-rico/,"Minor earthquake, 3.02 mag strikes near La Parguera in Puerto Rico",Negative,1
20200117,earthquakenewstoday.com,http://www.earthquakenewstoday.com/2020/01/16/minor-earthquake-3-2-mag-4-km-e-of-la-parguera-puerto-rico/,"Minor earthquake 3.2 mag, 4 km E of La Parguera, Puerto Rico",Neutral,1
20200117,earthquakenewstoday.com,http://www.earthquakenewstoday.com/2020/01/17/minor-earthquake-3-2-mag-has-occurred-near-indios-in-puerto-rico/,"Minor earthquake, 3.2 mag has occurred near Indios in Puerto Rico",Neutral,1
20200117,earthquakenewstoday.com,http://www.earthquakenewstoday.com/2020/01/17/light-earthquake-4-1-mag-has-occurred-near-la-parguera-in-puerto-rico/,"Light earthquake, 4.1 mag has occurred near La Parguera in Puerto Rico",Neutral,1
20200117,earthquakenewstoday.com,http://www.earthquakenewstoday.com/2020/01/17/minor-earthquake-3-21-mag-14-km-sse-of-guanica-puerto-rico/,"Minor earthquake 3.21 mag, 14 km SSE of Guanica, Puerto Rico",Neutral,1
20200117,earthquakenewstoday.com,http://www.earthquakenewstoday.com/2020/01/17/minor-earthquake-3-17-mag-strikes-near-guanica-in-puerto-rico/,"Minor earthquake, 3.17 mag strikes near Guanica in Puerto Rico",Negative,1
20200117,earthquakenewstoday.com,http://www.earthquakenewstoday.com/2020/01/17/minor-earthquake-m2-83-quake-has-struck-near-tallaboa-in-puerto-rico/,Minor earthquake: M2.83 quake has struck near Tallaboa in Puerto Rico,Negative,1
20200117,earthquakenewstoday.com,http://www.earthquakenewstoday.com/2020/01/17/minor-earthquake-m3-4-quake-has-struck-near-maria-antonia-in-puerto-rico/,Minor earthquake: M3.4 quake has struck near Maria Antonia in Puerto Rico,Negative,1
20200117,earthquakenewstoday.com,http://www.earthquakenewstoday.com/2020/01/17/minor-earthquake-m3-06-quake-has-struck-near-la-parguera-in-puerto-rico/,Minor earthquake: M3.06 quake has struck near La Parguera in Puerto Rico,Negative,1
20200117,earthquakenewstoday.com,http://www.earthquakenewstoday.com/2020/01/17/minor-earthquake-3-45-mag-strikes-near-maria-antonia-in-puerto-rico/,"Minor earthquake, 3.45 mag strikes near Maria Antonia in Puerto Rico",Negative,1
20200117,earthquakenewstoday.com,http://www.earthquakenewstoday.com/2020/01/17/minor-earthquake-3-5-mag-strikes-near-guanica-in-puerto-rico/,"Minor earthquake, 3.5 mag strikes near Guanica in Puerto Rico",Negative,1
20200117,earthquakenewstoday.com,http://www.earthquakenewstoday.com/2020/01/17/minor-earthquake-3-5-mag-8-km-ssw-of-tallaboa-puerto-rico/,"Minor earthquake 3.5 mag, 8 km SSW of Tallaboa, Puerto Rico",Neutral,1
20200117,masslive.com,https://www.masslive.com/news/2020/01/puerto-rico-officials-urge-sen-ed-markey-to-be-a-voice-for-those-living-in-tents-after-earthquake.html,Puerto Rico officials urge Sen. Ed Markey to be a voice for those living in tents after earthquake,Neutral,1
20200117,earthquakenewstoday.com,http://www.earthquakenewstoday.com/2020/01/17/minor-earthquake-2-8-mag-3-km-se-of-palomas-puerto-rico/,"Minor earthquake 2.8 mag, 3 km SE of Palomas, Puerto Rico",Neutral,1
20200117,earthquakenewstoday.com,http://www.earthquakenewstoday.com/2020/01/17/minor-earthquake-3-9-mag-has-occurred-near-tallaboa-in-puerto-rico/,"Minor earthquake, 3.9 mag has occurred near Tallaboa in Puerto Rico",Neutral,1
20200117,earthquakenewstoday.com,http://www.earthquakenewstoday.com/2020/01/17/minor-earthquake-3-06-mag-has-occurred-near-guanica-in-puerto-rico/,"Minor earthquake, 3.06 mag has occurred near Guanica in Puerto Rico",Neutral,1
20200117,earthquakenewstoday.com,http://www.earthquakenewstoday.com/2020/01/17/minor-earthquake-2-81-mag-4-km-se-of-indios-puerto-rico/,"Minor earthquake 2.81 mag, 4 km SE of Indios, Puerto Rico",Neutral,1
20200117,earthquakenewstoday.com,http://www.earthquakenewstoday.com/2020/01/17/minor-earthquake-2-88-mag-was-detected-near-guanica-in-puerto-rico/,"Minor earthquake, 2.88 mag was detected near Guanica in Puerto Rico",Neutral,1
20200117,earthquakenewstoday.com,http://www.earthquakenewstoday.com/2020/01/17/minor-earthquake-3-3-mag-has-occurred-near-fuig-in-puerto-rico/,"Minor earthquake, 3.3 mag has occurred near Fuig in Puerto Rico",Neutral,1
20200117,yubanet.com,https://yubanet.com/regional/grass-valley-microgrid-company-boxpower-inc-delivers-two-rapidly-deployable-microgrid-systems-to-earthquake-stricken-region-of-puerto-rico/,Grass Valley Microgrid Company BoxPower Inc. delivers two rapidly deployable microgrid systems to earthquake stricken region of Puerto Rico,Negative,1
20200117,earthquakenewstoday.com,http://www.earthquakenewstoday.com/2020/01/17/minor-earthquake-2-92-mag-has-occurred-near-tallaboa-in-puerto-rico/,"Minor earthquake, 2.92 mag has occurred near Tallaboa in Puerto Rico",Neutral,1
20200117,earthquakenewstoday.com,http://www.earthquakenewstoday.com/2020/01/17/minor-earthquake-3-74-mag-4-km-wsw-of-tallaboa-puerto-rico/,"Minor earthquake 3.74 mag, 4 km WSW of Tallaboa, Puerto Rico",Neutral,1
20200117,earthquakenewstoday.com,http://www.earthquakenewstoday.com/2020/01/17/minor-earthquake-3-46-mag-has-occurred-near-guanica-in-puerto-rico/,"Minor earthquake, 3.46 mag has occurred near Guanica in Puerto Rico",Neutral,1
20200117,earthquakenewstoday.com,http://www.earthquakenewstoday.com/2020/01/17/minor-earthquake-3-3-mag-strikes-near-la-parguera-in-puerto-rico/,"Minor earthquake, 3.3 mag strikes near La Parguera in Puerto Rico",Negative,1
20200117,earthquakenewstoday.com,http://www.earthquakenewstoday.com/2020/01/17/minor-earthquake-3-3-mag-27-km-sse-of-guanica-puerto-rico/,"Minor earthquake 3.3 mag, 27 km SSE of Guanica, Puerto Rico",Neutral,1
20200117,earthquakenewstoday.com,http://www.earthquakenewstoday.com/2020/01/17/minor-earthquake-2-81-mag-has-occurred-near-magas-arriba-in-puerto-rico/,"Minor earthquake, 2.81 mag has occurred near Magas Arriba in Puerto Rico",Neutral,1
20200117,earthquakenewstoday.com,http://www.earthquakenewstoday.com/2020/01/17/minor-earthquake-3-mag-has-occurred-near-magas-arriba-in-puerto-rico/,"Minor earthquake, 3 mag has occurred near Magas Arriba in Puerto Rico",Neutral,1
20200117,earthquakenewstoday.com,http://www.earthquakenewstoday.com/2020/01/17/minor-earthquake-2-9-mag-has-occurred-near-la-parguera-in-puerto-rico/,"Minor earthquake, 2.9 mag has occurred near La Parguera in Puerto Rico",Neutral,1
20200117,earthquakenewstoday.com,http://www.earthquakenewstoday.com/2020/01/17/minor-earthquake-3-1-mag-was-detected-near-magas-arriba-in-puerto-rico/,"Minor earthquake, 3.1 mag was detected near Magas Arriba in Puerto Rico",Neutral,1
20200117,earthquakenewstoday.com,http://www.earthquakenewstoday.com/2020/01/17/minor-earthquake-m2-9-quake-has-struck-near-guanica-in-puerto-rico/,Minor earthquake: M2.9 quake has struck near Guanica in Puerto Rico,Negative,1
20200117,earthquakenewstoday.com,http://www.earthquakenewstoday.com/2020/01/17/minor-earthquake-2-9-mag-was-detected-near-la-parguera-in-puerto-rico/,"Minor earthquake, 2.9 mag was detected near La Parguera in Puerto Rico",Neutral,1
20200117,abccolumbia.com,https://www.abccolumbia.com/2020/01/17/president-trump-signs-disaster-declaration-to-help-earthquake-devastated-puerto-rico/,President Trump signs disaster declaration to help earthquake devastated Puerto Rico,Negative,1
20200117,earthquakenewstoday.com,http://www.earthquakenewstoday.com/2020/01/17/minor-earthquake-2-98-mag-strikes-near-magas-arriba-in-puerto-rico/,"Minor earthquake, 2.98 mag strikes near Magas Arriba in Puerto Rico",Negative,1
20200117,earthquakenewstoday.com,http://www.earthquakenewstoday.com/2020/01/17/light-earthquake-m4-quake-has-struck-near-tallaboa-in-puerto-rico/,Light earthquake: M4 quake has struck near Tallaboa in Puerto Rico,Negative,1
20200117,earthquakenewstoday.com,http://www.earthquakenewstoday.com/2020/01/17/minor-earthquake-3-5-mag-has-occurred-near-maria-antonia-in-puerto-rico/,"Minor earthquake, 3.5 mag has occurred near Maria Antonia in Puerto Rico",Neutral,1
20200117,earthquakenewstoday.com,http://www.earthquakenewstoday.com/2020/01/17/minor-earthquake-3-mag-has-occurred-near-fuig-in-puerto-rico/,"Minor earthquake, 3 mag has occurred near Fuig in Puerto Rico",Neutral,1
20200117,afar.com,https://www.afar.com/magazine/most-of-puerto-rico-unaffected-by-earthquake-swarm-tourism-board-says,"Puerto Rico Is Open for Tourism, Despite All Those Grim Earthquake Headlines",Positive,1
20200117,earthquakenewstoday.com,http://www.earthquakenewstoday.com/2020/01/16/minor-earthquake-3-29-mag-strikes-near-penuelas-in-puerto-rico/,"Minor earthquake, 3.29 mag strikes near Penuelas in Puerto Rico",Negative,1
20200117,earthquakenewstoday.com,http://www.earthquakenewstoday.com/2020/01/17/minor-earthquake-2-87-mag-was-detected-near-indios-in-puerto-rico/,"Minor earthquake, 2.87 mag was detected near Indios in Puerto Rico",Neutral,1
20200117,earthquakenewstoday.com,http://www.earthquakenewstoday.com/2020/01/17/minor-earthquake-2-91-mag-strikes-near-indios-in-puerto-rico/,"Minor earthquake, 2.91 mag strikes near Indios in Puerto Rico",Negative,1
20200117,earthquakenewstoday.com,http://www.earthquakenewstoday.com/2020/01/17/minor-earthquake-3-78-mag-has-occurred-near-tallaboa-in-puerto-rico/,"Minor earthquake, 3.78 mag has occurred near Tallaboa in Puerto Rico",Neutral,1
20200117,cnn.com,https://www.cnn.com/2020/01/17/us/puerto-rico-earthquake-airbnb-free-housing-trnd/,Airbnb hosts offer free housing to Puerto Rico earthquake evacuees,Positive,1
20200117,earthquakenewstoday.com,http://www.earthquakenewstoday.com/2020/01/17/minor-earthquake-3-04-mag-0-km-ne-of-indios-puerto-rico/,"Minor earthquake 3.04 mag, 0 km NE of Indios, Puerto Rico",Neutral,1
20200117,earthquakenewstoday.com,http://www.earthquakenewstoday.com/2020/01/17/minor-earthquake-3-04-mag-was-detected-near-guayanilla-in-puerto-rico/,"Minor earthquake, 3.04 mag was detected near Guayanilla in Puerto Rico",Neutral,1
20200117,earthquakenewstoday.com,http://www.earthquakenewstoday.com/2020/01/17/minor-earthquake-3-2-mag-has-occurred-near-ponce-in-puerto-rico/,"Minor earthquake, 3.2 mag has occurred near Ponce in Puerto Rico",Neutral,1
20200117,clickorlando.com,https://www.clickorlando.com/news/local/2020/01/17/orlando-heath-sets-up-earthquake-relief-fund-for-puerto-rico/,Orlando Health sets up earthquake relief fund for Puerto Rico,Positive,1
20200117,rcrwireless.com,https://www.rcrwireless.com/20200117/test-and-measurement/test-and-measurement-test-and-measurement-speedtest-analyzes-puerto-rico-networks-earthquake-damage,Test and Measurement: Test and Measurement: Speedtest analyzes Puerto Rico networks’ earthquake damage,Negative,1
20200117,earthquakenewstoday.com,http://www.earthquakenewstoday.com/2020/01/16/minor-earthquake-m3-4-quake-has-struck-near-indios-in-puerto-rico/,Minor earthquake: M3.4 quake has struck near Indios in Puerto Rico,Negative,1
20200117,earthquakenewstoday.com,http://www.earthquakenewstoday.com/2020/01/17/minor-earthquake-3-2-mag-was-detected-near-guanica-in-puerto-rico/,"Minor earthquake, 3.2 mag was detected near Guanica in Puerto Rico",Neutral,1
20200117,earthquakenewstoday.com,http://www.earthquakenewstoday.com/2020/01/17/minor-earthquake-3-93-mag-has-occurred-near-la-parguera-in-puerto-rico/,"Minor earthquake, 3.93 mag has occurred near La Parguera in Puerto Rico",Neutral,1
20200117,en.tempo.co,https://en.tempo.co/read/1296219/trump-declares-puerto-rico-earthquake-disaster,Trump Declares Puerto Rico Earthquake Disaster,Negative,1
20200117,earthquakenewstoday.com,http://www.earthquakenewstoday.com/2020/01/17/minor-earthquake-3-4-mag-was-detected-near-guanica-in-puerto-rico/,"Minor earthquake, 3.4 mag was detected near Guanica in Puerto Rico",Neutral,1
20200117,fox5ny.com,https://www.fox5ny.com/news/displaced-families-in-puerto-rico-await-post-earthquake-housing,Displaced families in Puerto Rico await post-earthquake housing,Positive,1
20200118,earthquakenewstoday.com,http://www.earthquakenewstoday.com/2020/01/18/minor-earthquake-2-98-mag-6-km-s-of-indios-puerto-rico/,"Minor earthquake 2.98 mag, 6 km S of Indios, Puerto Rico",Neutral,1
20200118,earthquakenewstoday.com,http://www.earthquakenewstoday.com/2020/01/18/minor-earthquake-3-23-mag-strikes-near-indios-in-puerto-rico/,"Minor earthquake, 3.23 mag strikes near Indios in Puerto Rico",Negative,1
20200118,commondreams.org,https://www.commondreams.org/news/2020/01/14/unconscionable-puerto-rico-suffers-earthquake-aftermath-aoc-sanders-and-velazquez,"'Unconscionable': As Puerto Rico Suffers Earthquake Aftermath, AOC, Sanders, and Velazquez Demand Trump End Illegal Hold on Relief Funds",Negative,1
20200118,earthquakenewstoday.com,http://www.earthquakenewstoday.com/2020/01/18/minor-earthquake-2-91-mag-strikes-near-magas-arriba-in-puerto-rico/,"Minor earthquake, 2.91 mag strikes near Magas Arriba in Puerto Rico",Negative,1
20200118,earthquakenewstoday.com,http://www.earthquakenewstoday.com/2020/01/17/minor-earthquake-m3-51-quake-has-struck-near-guanica-in-puerto-rico/,Minor earthquake: M3.51 quake has struck near Guanica in Puerto Rico,Negative,1
20200118,earthquakenewstoday.com,http://www.earthquakenewstoday.com/2020/01/18/minor-earthquake-3-5-mag-has-occurred-near-guanica-in-puerto-rico/,"Minor earthquake, 3.5 mag has occurred near Guanica in Puerto Rico",Neutral,1
20200118,earthquakenewstoday.com,http://www.earthquakenewstoday.com/2020/01/18/minor-earthquake-m2-84-quake-has-struck-near-maria-antonia-in-puerto-rico/,Minor earthquake: M2.84 quake has struck near Maria Antonia in Puerto Rico,Negative,1
20200118,earthquakenewstoday.com,http://www.earthquakenewstoday.com/2020/01/18/minor-earthquake-3-1-mag-was-detected-near-maria-antonia-in-puerto-rico-2/,"Minor earthquake, 3.1 mag was detected near Maria Antonia in Puerto Rico",Neutral,1
20200118,earthquakenewstoday.com,http://www.earthquakenewstoday.com/2020/01/18/minor-earthquake-3-54-mag-strikes-near-guanica-in-puerto-rico/,"Minor earthquake, 3.54 mag strikes near Guanica in Puerto Rico",Negative,1
20200118,earthquakenewstoday.com,http://www.earthquakenewstoday.com/2020/01/18/minor-earthquake-2-95-mag-strikes-near-ponce-in-puerto-rico/,"Minor earthquake, 2.95 mag strikes near Ponce in Puerto Rico",Negative,1
20200118,earthquakenewstoday.com,http://www.earthquakenewstoday.com/2020/01/18/light-earthquake-4-1-mag-7-km-s-of-tallaboa-puerto-rico/,"Light earthquake 4.1 mag, 7 km S of Tallaboa, Puerto Rico",Neutral,1
20200118,abc7ny.com,https://abc7ny.com/society/bronx-concert-held-to-benefit-puerto-rico-earthquake-victims/5859900/,Bronx concert held to benefit Puerto Rico earthquake victims,Positive,1
20200118,earthquakenewstoday.com,http://www.earthquakenewstoday.com/2020/01/18/minor-earthquake-3-21-mag-was-detected-near-magas-arriba-in-puerto-rico/,"Minor earthquake, 3.21 mag was detected near Magas Arriba in Puerto Rico",Neutral,1
20200118,earthquakenewstoday.com,http://www.earthquakenewstoday.com/2020/01/18/minor-earthquake-m2-87-quake-has-struck-near-guanica-in-puerto-rico/,Minor earthquake: M2.87 quake has struck near Guanica in Puerto Rico,Negative,1
20200118,earthquakenewstoday.com,http://www.earthquakenewstoday.com/2020/01/18/minor-earthquake-3-15-mag-was-detected-near-guanica-in-puerto-rico/,"Minor earthquake, 3.15 mag was detected near Guanica in Puerto Rico",Neutral,1
20200118,earthquakenewstoday.com,http://www.earthquakenewstoday.com/2020/01/18/minor-earthquake-2-84-mag-strikes-near-indios-in-puerto-rico/,"Minor earthquake, 2.84 mag strikes near Indios in Puerto Rico",Negative,1
20200118,earthquakenewstoday.com,http://www.earthquakenewstoday.com/2020/01/18/minor-earthquake-m3-53-quake-has-struck-near-guanica-in-puerto-rico/,Minor earthquake: M3.53 quake has struck near Guanica in Puerto Rico,Negative,1
20200118,earthquakenewstoday.com,http://www.earthquakenewstoday.com/2020/01/18/minor-earthquake-3-15-mag-2-km-ese-of-magas-arriba-puerto-rico/,"Minor earthquake 3.15 mag, 2 km ESE of Magas Arriba, Puerto Rico",Neutral,1
20200118,earthquakenewstoday.com,http://www.earthquakenewstoday.com/2020/01/18/minor-earthquake-3-32-mag-strikes-near-maria-antonia-in-puerto-rico/,"Minor earthquake, 3.32 mag strikes near Maria Antonia in Puerto Rico",Negative,1
20200118,earthquakenewstoday.com,http://www.earthquakenewstoday.com/2020/01/18/minor-earthquake-2-8-mag-6-km-sse-of-guanica-puerto-rico/,"Minor earthquake 2.8 mag, 6 km SSE of Guanica, Puerto Rico",Neutral,1
20200118,earthquakenewstoday.com,http://www.earthquakenewstoday.com/2020/01/18/minor-earthquake-2-98-mag-was-detected-near-guanica-in-puerto-rico/,"Minor earthquake, 2.98 mag was detected near Guanica in Puerto Rico",Neutral,1
20200118,earthquakenewstoday.com,http://www.earthquakenewstoday.com/2020/01/18/minor-earthquake-3-24-mag-5-km-se-of-la-parguera-puerto-rico/,"Minor earthquake 3.24 mag, 5 km SE of La Parguera, Puerto Rico",Neutral,1
20200118,themilitant.com,https://themilitant.com/2020/01/18/capitalism-colonial-rule-cause-puerto-rico-earthquake-crisis/,"Capitalism, colonial rule cause Puerto Rico earthquake crisis – The Militant",Negative,0
20200118,earthquakenewstoday.com,http://www.earthquakenewstoday.com/2020/01/18/minor-earthquake-3-7-mag-has-occurred-near-magas-arriba-in-puerto-rico/,"Minor earthquake, 3.7 mag has occurred near Magas Arriba in Puerto Rico",Neutral,1
20200118,earthquakenewstoday.com,http://www.earthquakenewstoday.com/2020/01/18/minor-earthquake-2-96-mag-strikes-near-tallaboa-in-puerto-rico/,"Minor earthquake, 2.96 mag strikes near Tallaboa in Puerto Rico",Negative,1
20200118,earthquakenewstoday.com,http://www.earthquakenewstoday.com/2020/01/18/minor-earthquake-m2-8-quake-has-struck-near-maria-antonia-in-puerto-rico/,Minor earthquake: M2.8 quake has struck near Maria Antonia in Puerto Rico,Negative,1
20200118,earthquakenewstoday.com,http://www.earthquakenewstoday.com/2020/01/18/light-earthquake-4-01-mag-was-detected-near-tallaboa-in-puerto-rico/,"Light earthquake, 4.01 mag was detected near Tallaboa in Puerto Rico",Neutral,1
20200118,earthquakenewstoday.com,http://www.earthquakenewstoday.com/2020/01/18/minor-earthquake-m3-04-quake-has-struck-near-la-parguera-in-puerto-rico/,Minor earthquake: M3.04 quake has struck near La Parguera in Puerto Rico,Negative,1
20200118,earthquakenewstoday.com,http://www.earthquakenewstoday.com/2020/01/18/minor-earthquake-3-73-mag-has-occurred-near-guanica-in-puerto-rico/,"Minor earthquake, 3.73 mag has occurred near Guanica in Puerto Rico",Neutral,1
20200118,earthquakenewstoday.com,http://www.earthquakenewstoday.com/2020/01/18/minor-earthquake-2-8-mag-strikes-near-yauco-in-puerto-rico/,"Minor earthquake, 2.8 mag strikes near Yauco in Puerto Rico",Negative,1
20200118,earthquakenewstoday.com,http://www.earthquakenewstoday.com/2020/01/18/minor-earthquake-m3-1-quake-has-struck-near-tallaboa-in-puerto-rico/,Minor earthquake: M3.1 quake has struck near Tallaboa in Puerto Rico,Negative,1
20200118,earthquakenewstoday.com,http://www.earthquakenewstoday.com/2020/01/18/minor-earthquake-3-1-mag-strikes-near-guayanilla-in-puerto-rico/,"Minor earthquake, 3.1 mag strikes near Guayanilla in Puerto Rico",Negative,1
20200118,earthquakenewstoday.com,http://www.earthquakenewstoday.com/2020/01/18/minor-earthquake-3-7-mag-9-km-sse-of-guanica-puerto-rico/,"Minor earthquake 3.7 mag, 9 km SSE of Guanica, Puerto Rico",Neutral,1
20200118,earthquakenewstoday.com,http://www.earthquakenewstoday.com/2020/01/18/minor-earthquake-3-mag-15-km-sse-of-guanica-puerto-rico/,"Minor earthquake 3 mag, 15 km SSE of Guanica, Puerto Rico",Neutral,1
20200119,earthquakenewstoday.com,http://www.earthquakenewstoday.com/2020/01/19/light-earthquake-4-1-mag-15-km-s-of-guanica-puerto-rico/,"Light earthquake 4.1 mag, 15 km S of Guanica, Puerto Rico",Neutral,1
20200119,earthquakenewstoday.com,http://www.earthquakenewstoday.com/2020/01/19/minor-earthquake-2-84-mag-strikes-near-tallaboa-in-puerto-rico-2/,"Minor earthquake, 2.84 mag strikes near Tallaboa in Puerto Rico",Negative,1
20200119,earthquakenewstoday.com,http://www.earthquakenewstoday.com/2020/01/19/minor-earthquake-3-2-mag-has-occurred-near-la-parguera-in-puerto-rico/,"Minor earthquake, 3.2 mag has occurred near La Parguera in Puerto Rico",Neutral,1
20200119,earthquakenewstoday.com,http://www.earthquakenewstoday.com/2020/01/19/minor-earthquake-3-43-mag-was-detected-near-yauco-in-puerto-rico/,"Minor earthquake, 3.43 mag was detected near Yauco in Puerto Rico",Neutral,1
20200119,earthquakenewstoday.com,http://www.earthquakenewstoday.com/2020/01/19/minor-earthquake-m2-85-quake-has-struck-near-guanica-in-puerto-rico-2/,Minor earthquake: M2.85 quake has struck near Guanica in Puerto Rico,Negative,1
20200119,earthquakenewstoday.com,http://www.earthquakenewstoday.com/2020/01/19/minor-earthquake-3-8-mag-18-km-sse-of-guanica-puerto-rico/,"Minor earthquake 3.8 mag, 18 km SSE of Guanica, Puerto Rico",Neutral,1
20200119,earthquakenewstoday.com,http://www.earthquakenewstoday.com/2020/01/19/light-earthquake-4-8-mag-was-detected-near-guanica-in-puerto-rico/,"Light earthquake, 4.8 mag was detected near Guanica in Puerto Rico",Neutral,1
20200119,earthquakenewstoday.com,http://www.earthquakenewstoday.com/2020/01/19/light-earthquake-m4-1-quake-has-struck-near-tallaboa-in-puerto-rico-2/,Light earthquake: M4.1 quake has struck near Tallaboa in Puerto Rico,Negative,1
20200119,earthquakenewstoday.com,http://www.earthquakenewstoday.com/2020/01/19/minor-earthquake-3-4-mag-12-km-s-of-indios-puerto-rico/,"Minor earthquake 3.4 mag, 12 km S of Indios, Puerto Rico",Neutral,1
20200119,earthquakenewstoday.com,http://www.earthquakenewstoday.com/2020/01/19/light-earthquake-4-6-mag-has-occurred-near-guanica-in-puerto-rico/,"Light earthquake, 4.6 mag has occurred near Guanica in Puerto Rico",Neutral,1
20200119,earthquakenewstoday.com,http://www.earthquakenewstoday.com/2020/01/19/minor-earthquake-3-17-mag-7-km-se-of-la-parguera-puerto-rico/,"Minor earthquake 3.17 mag, 7 km SE of La Parguera, Puerto Rico",Neutral,1
20200119,earthquakenewstoday.com,http://www.earthquakenewstoday.com/2020/01/19/minor-earthquake-3-8-mag-has-occurred-near-tallaboa-in-puerto-rico/,"Minor earthquake, 3.8 mag has occurred near Tallaboa in Puerto Rico",Neutral,1
20200119,earthquakenewstoday.com,http://www.earthquakenewstoday.com/2020/01/19/minor-earthquake-3-5-mag-12-km-s-of-indios-puerto-rico/,"Minor earthquake 3.5 mag, 12 km S of Indios, Puerto Rico",Neutral,1
20200119,earthquakenewstoday.com,http://www.earthquakenewstoday.com/2020/01/19/minor-earthquake-2-81-mag-has-occurred-near-guanica-in-puerto-rico/,"Minor earthquake, 2.81 mag has occurred near Guanica in Puerto Rico",Neutral,1
20200119,fox26houston.com,https://www.fox26houston.com/news/brandywine-spca-to-rescue-30-dogs-airlifted-from-earthquake-rattled-puerto-rico,Brandywine SPCA rescues 30 dogs airlifted from earthquake-rattled Puerto Rico,Positive,1
20200119,earthquakenewstoday.com,http://www.earthquakenewstoday.com/2020/01/19/light-earthquake-4-mag-was-detected-near-puerto-rico-region/,"Light earthquake, 4 mag was detected near Puerto Rico region",Neutral,1
20200119,earthquakenewstoday.com,http://www.earthquakenewstoday.com/2020/01/19/minor-earthquake-3-7-mag-9-km-ssw-of-tallaboa-puerto-rico/,"Minor earthquake 3.7 mag, 9 km SSW of Tallaboa, Puerto Rico",Neutral,1
20200119,nbcmiami.com,https://www.nbcmiami.com/news/local/all-about-animals/broward-shelter-takes-in-pets-rescued-from-earthquake-riddled-puerto-rico/2178802/,Broward Shelter Takes In Pets Rescued From Earthquake-Riddled Puerto Rico,Positive,1
20200119,earthquakenewstoday.com,http://www.earthquakenewstoday.com/2020/01/19/minor-earthquake-2-89-mag-has-occurred-near-guanica-in-puerto-rico/,"Minor earthquake, 2.89 mag has occurred near Guanica in Puerto Rico",Neutral,1
20200119,earthquakenewstoday.com,http://www.earthquakenewstoday.com/2020/01/19/minor-earthquake-2-9-mag-20-km-s-of-guanica-puerto-rico/,"Minor earthquake 2.9 mag, 20 km S of Guanica, Puerto Rico",Neutral,1
20200119,6abc.com,https://6abc.com/pets-animals/del-shelter-to-receive-dogs-from-earthquake-ravaged-puerto-rico/5863218/,35 dogs saved from earthquake-ravaged Puerto Rico up for adoption in Delaware,Positive,1
20200119,news12.com,http://newjersey.news12.com/story/41583120/displaced-dogs-from-earthquakestricken-puerto-rico-heading-to-nj,Displaced dogs from earthquake-stricken Puerto Rico heading to NJ,Neutral,1
20200119,earthquakenewstoday.com,http://www.earthquakenewstoday.com/2020/01/19/minor-earthquake-m3-26-quake-has-struck-near-indios-in-puerto-rico/,Minor earthquake: M3.26 quake has struck near Indios in Puerto Rico,Negative,1
20200119,earthquakenewstoday.com,http://www.earthquakenewstoday.com/2020/01/19/minor-earthquake-3-1-mag-3-km-sse-of-indios-puerto-rico/,"Minor earthquake 3.1 mag, 3 km SSE of Indios, Puerto Rico",Neutral,1
20200119,earthquakenewstoday.com,http://www.earthquakenewstoday.com/2020/01/19/light-earthquake-4-4-mag-has-occurred-near-guanica-in-puerto-rico/,"Light earthquake, 4.4 mag has occurred near Guanica in Puerto Rico",Neutral,1
20200119,earthquakenewstoday.com,http://www.earthquakenewstoday.com/2020/01/19/minor-earthquake-3-mag-was-detected-near-la-parguera-in-puerto-rico/,"Minor earthquake, 3 mag was detected near La Parguera in Puerto Rico",Neutral,1
20200119,earthquakenewstoday.com,http://www.earthquakenewstoday.com/2020/01/19/minor-earthquake-3-4-mag-has-occurred-near-yauco-in-puerto-rico/,"Minor earthquake, 3.4 mag has occurred near Yauco in Puerto Rico",Neutral,1
20200119,nbcmiami.com,https://www.nbcmiami.com/news/local/4-1-magnitude-earthquake-rocks-puerto-rico/2178722/,4.1 Magnitude Earthquake Rocks Puerto Rico,Neutral,1
20200119,fox35orlando.com,https://www.fox35orlando.com/news/4-1-magnitude-earthquake-hits-puerto-rico-followed-by-tsunami-warning-on-saturday-night-officials-say,"4.1 magnitude earthquake hits Puerto Rico, followed by tsunami warning on Saturday night, officials say",Negative,1
20200119,earthquakenewstoday.com,http://www.earthquakenewstoday.com/2020/01/19/minor-earthquake-3-26-mag-was-detected-near-indios-in-puerto-rico/,"Minor earthquake, 3.26 mag was detected near Indios in Puerto Rico",Neutral,1
20200119,earthquakenewstoday.com,http://www.earthquakenewstoday.com/2020/01/19/minor-earthquake-2-8-mag-has-occurred-near-maria-antonia-in-puerto-rico/,"Minor earthquake, 2.8 mag has occurred near Maria Antonia in Puerto Rico",Neutral,1
20200119,earthquakenewstoday.com,http://www.earthquakenewstoday.com/2020/01/19/minor-earthquake-3-1-mag-strikes-near-palomas-in-puerto-rico/,"Minor earthquake, 3.1 mag strikes near Palomas in Puerto Rico",Negative,1
20200119,earthquakenewstoday.com,http://www.earthquakenewstoday.com/2020/01/19/light-earthquake-4-7-mag-strikes-near-guanica-in-puerto-rico/,"Light earthquake, 4.7 mag strikes near Guanica in Puerto Rico",Negative,1
20200119,earthquakenewstoday.com,http://www.earthquakenewstoday.com/2020/01/19/minor-earthquake-3-15-mag-has-occurred-near-guanica-in-puerto-rico/,"Minor earthquake, 3.15 mag has occurred near Guanica in Puerto Rico",Neutral,1
20200119,wsvn.com,https://wsvn.com/news/us-world/prsn-4-1-earthquake-rocks-sw-puerto-rico/,PRSN: 4.1 earthquake rocks SW Puerto Rico - WSVN 7News,Neutral,1
20200120,earthquakenewstoday.com,http://www.earthquakenewstoday.com/2020/01/20/light-earthquake-4-mag-11-km-s-of-tallaboa-puerto-rico/,"Light earthquake 4 mag, 11 km S of Tallaboa, Puerto Rico",Neutral,1
20200120,earthquakenewstoday.com,http://www.earthquakenewstoday.com/2020/01/20/minor-earthquake-3-26-mag-strikes-near-tallaboa-in-puerto-rico/,"Minor earthquake, 3.26 mag strikes near Tallaboa in Puerto Rico",Negative,1
20200120,earthquakenewstoday.com,http://www.earthquakenewstoday.com/2020/01/20/light-earthquake-m4-8-quake-has-struck-near-tallaboa-in-puerto-rico/,Light earthquake: M4.8 quake has struck near Tallaboa in Puerto Rico,Negative,1
20200120,earthquakenewstoday.com,http://www.earthquakenewstoday.com/2020/01/20/minor-earthquake-3-12-mag-6-km-ese-of-la-parguera-puerto-rico/,"Minor earthquake 3.12 mag, 6 km ESE of La Parguera, Puerto Rico",Neutral,1
20200120,earthquakenewstoday.com,http://www.earthquakenewstoday.com/2020/01/20/minor-earthquake-2-87-mag-has-occurred-near-magas-arriba-in-puerto-rico/,"Minor earthquake, 2.87 mag has occurred near Magas Arriba in Puerto Rico",Neutral,1
20200120,nj.com,https://www.nj.com/morris/2020/01/earthquake-rattled-dogs-from-puerto-rico-flown-to-nj-for-adoption.html,Earthquake-rattled dogs from Puerto Rico flown to N.J. for adoption,Neutral,1
20200120,earthquakenewstoday.com,http://www.earthquakenewstoday.com/2020/01/20/minor-earthquake-3-72-mag-was-detected-near-tallaboa-in-puerto-rico/,"Minor earthquake, 3.72 mag was detected near Tallaboa in Puerto Rico",Neutral,1
20200120,earthquakenewstoday.com,http://www.earthquakenewstoday.com/2020/01/20/minor-earthquake-3-11-mag-8-km-sse-of-guanica-puerto-rico/,"Minor earthquake 3.11 mag, 8 km SSE of Guanica, Puerto Rico",Neutral,1
20200120,earthquakenewstoday.com,http://www.earthquakenewstoday.com/2020/01/20/minor-earthquake-3-57-mag-3-km-wsw-of-tallaboa-puerto-rico/,"Minor earthquake 3.57 mag, 3 km WSW of Tallaboa, Puerto Rico",Neutral,1
20200120,earthquakenewstoday.com,http://www.earthquakenewstoday.com/2020/01/20/minor-earthquake-3-1-mag-22-km-sse-of-guanica-puerto-rico/,"Minor earthquake 3.1 mag, 22 km SSE of Guanica, Puerto Rico",Neutral,1
20200120,earthquakenewstoday.com,http://www.earthquakenewstoday.com/2020/01/20/minor-earthquake-2-81-mag-strikes-near-maria-antonia-in-puerto-rico/,"Minor earthquake, 2.81 mag strikes near Maria Antonia in Puerto Rico",Negative,1
20200120,earthquakenewstoday.com,http://www.earthquakenewstoday.com/2020/01/20/light-earthquake-4-7-mag-15-km-s-of-tallaboa-puerto-rico/,"Light earthquake 4.7 mag, 15 km S of Tallaboa, Puerto Rico",Neutral,1
20200120,earthquakenewstoday.com,http://www.earthquakenewstoday.com/2020/01/19/minor-earthquake-2-87-mag-7-km-ssw-of-indios-puerto-rico/,"Minor earthquake 2.87 mag, 7 km SSW of Indios, Puerto Rico",Neutral,1
20200120,earthquakenewstoday.com,http://www.earthquakenewstoday.com/2020/01/19/minor-earthquake-3-03-mag-has-occurred-near-la-parguera-in-puerto-rico/,"Minor earthquake, 3.03 mag has occurred near La Parguera in Puerto Rico",Neutral,1
20200120,earthquakenewstoday.com,http://www.earthquakenewstoday.com/2020/01/20/minor-earthquake-2-85-mag-15-km-sse-of-guanica-puerto-rico/,"Minor earthquake 2.85 mag, 15 km SSE of Guanica, Puerto Rico",Neutral,1
20200120,earthquakenewstoday.com,http://www.earthquakenewstoday.com/2020/01/20/light-earthquake-4-9-mag-was-detected-near-tallaboa-in-puerto-rico/,"Light earthquake, 4.9 mag was detected near Tallaboa in Puerto Rico",Neutral,1
20200120,earthquakenewstoday.com,http://www.earthquakenewstoday.com/2020/01/20/minor-earthquake-2-93-mag-17-km-sse-of-guanica-puerto-rico/,"Minor earthquake 2.93 mag, 17 km SSE of Guanica, Puerto Rico",Neutral,1
20200120,earthquakenewstoday.com,http://www.earthquakenewstoday.com/2020/01/20/minor-earthquake-3-06-mag-strikes-near-guanica-in-puerto-rico/,"Minor earthquake, 3.06 mag strikes near Guanica in Puerto Rico",Negative,1
20200120,earthquakenewstoday.com,http://www.earthquakenewstoday.com/2020/01/20/minor-earthquake-m2-9-quake-has-struck-near-indios-in-puerto-rico-2/,Minor earthquake: M2.9 quake has struck near Indios in Puerto Rico,Negative,1
20200120,earthquakenewstoday.com,http://www.earthquakenewstoday.com/2020/01/20/minor-earthquake-3-1-mag-was-detected-near-guayanilla-in-puerto-rico/,"Minor earthquake, 3.1 mag was detected near Guayanilla in Puerto Rico",Neutral,1
20200120,earthquakenewstoday.com,http://www.earthquakenewstoday.com/2020/01/19/minor-earthquake-3-3-mag-was-detected-near-tallaboa-in-puerto-rico/,"Minor earthquake, 3.3 mag was detected near Tallaboa in Puerto Rico",Neutral,1
20200120,earthquakenewstoday.com,http://www.earthquakenewstoday.com/2020/01/20/minor-earthquake-3-62-mag-has-occurred-near-tallaboa-in-puerto-rico/,"Minor earthquake, 3.62 mag has occurred near Tallaboa in Puerto Rico",Neutral,1
20200120,earthquakenewstoday.com,http://www.earthquakenewstoday.com/2020/01/20/minor-earthquake-3-46-mag-5-km-se-of-la-parguera-puerto-rico/,"Minor earthquake 3.46 mag, 5 km SE of La Parguera, Puerto Rico",Neutral,1
20200120,earthquakenewstoday.com,http://www.earthquakenewstoday.com/2020/01/20/minor-earthquake-2-82-mag-10-km-se-of-guanica-puerto-rico/,"Minor earthquake 2.82 mag, 10 km SE of Guanica, Puerto Rico",Neutral,1
20200120,wshu.org,https://www.wshu.org/post/bridgeport-groups-fundraise-puerto-rico-earthquake-relief,Bridgeport Groups Fundraise For Puerto Rico Earthquake Relief,Positive,1
20200120,earthquakenewstoday.com,http://www.earthquakenewstoday.com/2020/01/20/minor-earthquake-3-7-mag-3-km-wsw-of-tallaboa-puerto-rico/,"Minor earthquake 3.7 mag, 3 km WSW of Tallaboa, Puerto Rico",Neutral,1
20200120,earthquakenewstoday.com,http://www.earthquakenewstoday.com/2020/01/20/minor-earthquake-3-3-mag-was-detected-near-guanica-in-puerto-rico/,"Minor earthquake, 3.3 mag was detected near Guanica in Puerto Rico",Neutral,1
20200120,earthquakenewstoday.com,http://www.earthquakenewstoday.com/2020/01/20/minor-earthquake-3-16-mag-has-occurred-near-tallaboa-in-puerto-rico/,"Minor earthquake, 3.16 mag has occurred near Tallaboa in Puerto Rico",Neutral,1
20200120,earthquakenewstoday.com,http://www.earthquakenewstoday.com/2020/01/20/minor-earthquake-3-45-mag-strikes-near-indios-in-puerto-rico/,"Minor earthquake, 3.45 mag strikes near Indios in Puerto Rico",Negative,1
20200120,earthquakenewstoday.com,http://www.earthquakenewstoday.com/2020/01/20/light-earthquake-4-9-mag-has-occurred-near-magas-arriba-in-puerto-rico/,"Light earthquake, 4.9 mag has occurred near Magas Arriba in Puerto Rico",Neutral,1
20200120,earthquakenewstoday.com,http://www.earthquakenewstoday.com/2020/01/20/light-earthquake-4-5-mag-was-detected-near-tallaboa-in-puerto-rico-2/,"Light earthquake, 4.5 mag was detected near Tallaboa in Puerto Rico",Neutral,1
20200120,earthquakenewstoday.com,http://www.earthquakenewstoday.com/2020/01/20/minor-earthquake-3-8-mag-has-occurred-near-la-parguera-in-puerto-rico/,"Minor earthquake, 3.8 mag has occurred near La Parguera in Puerto Rico",Neutral,1
20200120,earthquakenewstoday.com,http://www.earthquakenewstoday.com/2020/01/20/minor-earthquake-3-4-mag-strikes-near-guanica-in-puerto-rico/,"Minor earthquake, 3.4 mag strikes near Guanica in Puerto Rico",Negative,1
20200120,earthquakenewstoday.com,http://www.earthquakenewstoday.com/2020/01/20/minor-earthquake-3-95-mag-was-detected-near-tallaboa-alta-in-puerto-rico/,"Minor earthquake, 3.95 mag was detected near Tallaboa Alta in Puerto Rico",Neutral,1
20200120,earthquakenewstoday.com,http://www.earthquakenewstoday.com/2020/01/20/minor-earthquake-3-73-mag-strikes-near-tallaboa-in-puerto-rico/,"Minor earthquake, 3.73 mag strikes near Tallaboa in Puerto Rico",Negative,1
20200120,earthquakenewstoday.com,http://www.earthquakenewstoday.com/2020/01/20/light-earthquake-m4-2-quake-has-struck-near-magas-arriba-in-puerto-rico/,Light earthquake: M4.2 quake has struck near Magas Arriba in Puerto Rico,Negative,1
20200120,earthquakenewstoday.com,http://www.earthquakenewstoday.com/2020/01/20/minor-earthquake-3-02-mag-strikes-near-guanica-in-puerto-rico/,"Minor earthquake, 3.02 mag strikes near Guanica in Puerto Rico",Negative,1
20200120,earthquakenewstoday.com,http://www.earthquakenewstoday.com/2020/01/20/minor-earthquake-2-89-mag-was-detected-near-indios-in-puerto-rico-2/,"Minor earthquake, 2.89 mag was detected near Indios in Puerto Rico",Neutral,1
20200120,earthquakenewstoday.com,http://www.earthquakenewstoday.com/2020/01/20/light-earthquake-4-5-mag-2-km-e-of-magas-arriba-puerto-rico/,"Light earthquake 4.5 mag, 2 km E of Magas Arriba, Puerto Rico",Neutral,1
20200120,earthquakenewstoday.com,http://www.earthquakenewstoday.com/2020/01/20/minor-earthquake-2-81-mag-was-detected-near-indios-in-puerto-rico/,"Minor earthquake, 2.81 mag was detected near Indios in Puerto Rico",Neutral,1
20200120,nationalinterest.org,https://nationalinterest.org/blog/buzz/aftershock-aftermath-earthquake-forecast-puerto-rico-114786,Aftershock Aftermath: This Is the Earthquake Forecast for Puerto Rico,Neutral,1
20200121,digitaljournal.com,http://www.digitaljournal.com/news/world/puerto-rico-earthquake-victims-receive-abandonded-emergency-supplies/article/565700,Puerto Rico earthquake victims receive abandonded emergency supplies,Negative,1
20200121,earthquakenewstoday.com,http://www.earthquakenewstoday.com/2020/01/21/minor-earthquake-3-1-mag-has-occurred-near-magas-arriba-in-puerto-rico/,"Minor earthquake, 3.1 mag has occurred near Magas Arriba in Puerto Rico",Neutral,1
20200121,earthquakenewstoday.com,http://www.earthquakenewstoday.com/2020/01/21/minor-earthquake-3-22-mag-has-occurred-near-fuig-in-puerto-rico/,"Minor earthquake, 3.22 mag has occurred near Fuig in Puerto Rico",Neutral,1
20200121,earthquakenewstoday.com,http://www.earthquakenewstoday.com/2020/01/21/minor-earthquake-3-71-mag-has-occurred-near-santo-domingo-in-puerto-rico/,"Minor earthquake, 3.71 mag has occurred near Santo Domingo in Puerto Rico",Neutral,1
20200121,earthquakenewstoday.com,http://www.earthquakenewstoday.com/2020/01/21/minor-earthquake-m3-18-quake-has-struck-near-guanica-in-puerto-rico/,Minor earthquake: M3.18 quake has struck near Guanica in Puerto Rico,Negative,1
20200121,news12.com,http://westchester.news12.com/story/41593009/local-organization-delivers-supplies-to-earthquakestricken-puerto-rico,Local organization delivers supplies to earthquake-stricken Puerto Rico,Neutral,1
20200121,wxxinews.org,https://www.wxxinews.org/post/local-effort-help-earthquake-victims-puerto-rico,Local effort to help earthquake victims in Puerto Rico,Positive,1
20200121,earthquakenewstoday.com,http://www.earthquakenewstoday.com/2020/01/21/minor-earthquake-2-89-mag-3-km-sse-of-guanica-puerto-rico/,"Minor earthquake 2.89 mag, 3 km SSE of Guanica, Puerto Rico",Neutral,1
20200121,earthquakenewstoday.com,http://www.earthquakenewstoday.com/2020/01/20/minor-earthquake-m3-3-quake-has-struck-near-tallaboa-in-puerto-rico/,Minor earthquake: M3.3 quake has struck near Tallaboa in Puerto Rico,Negative,1
20200121,earthquakenewstoday.com,http://www.earthquakenewstoday.com/2020/01/21/minor-earthquake-3-21-mag-was-detected-near-la-parguera-in-puerto-rico/,"Minor earthquake, 3.21 mag was detected near La Parguera in Puerto Rico",Neutral,1
20200121,whyy.org,https://whyy.org/articles/n-j-to-deploy-50-state-troopers-to-assist-puerto-rico-amid-earthquake-crisis/,N.J. to deploy 50 state troopers to assist Puerto Rico amid earthquake crisis,Negative,1
20200121,earthquakenewstoday.com,http://www.earthquakenewstoday.com/2020/01/21/minor-earthquake-2-95-mag-6-km-se-of-la-parguera-puerto-rico/,"Minor earthquake 2.95 mag, 6 km SE of La Parguera, Puerto Rico",Neutral,1
20200121,depauliaonline.com,https://depauliaonline.com/45619/nation/state-of-emergency-chicago-residents-speak-out-about-puerto-ricos-earthquake/,State of emergency: Chicago residents speak out about Puerto Rico’s earthquake,Negative,1
20200121,nj.com,https://www.nj.com/news/2020/01/50-nj-state-police-troopers-headed-to-puerto-rico-to-aid-in-earthquake-recovery.html,50 N.J. State Police troopers headed to Puerto Rico to aid in earthquake recovery,Neutral,1
20200121,earthquakenewstoday.com,http://www.earthquakenewstoday.com/2020/01/21/minor-earthquake-3-1-mag-strikes-near-indios-in-puerto-rico/,"Minor earthquake, 3.1 mag strikes near Indios in Puerto Rico",Negative,1
20200121,earthquakenewstoday.com,http://www.earthquakenewstoday.com/2020/01/21/light-earthquake-4-4-mag-strikes-near-penuelas-in-puerto-rico/,"Light earthquake, 4.4 mag strikes near Penuelas in Puerto Rico",Negative,1
20200121,france24.com,https://www.france24.com/en/20200121-earthquake-hit-puerto-rico-investigates-unused-emergency-supplies,Earthquake-hit Puerto Rico investigates unused emergency supplies,Negative,1
20200121,earthquakenewstoday.com,http://www.earthquakenewstoday.com/2020/01/21/minor-earthquake-2-9-mag-strikes-near-guanica-in-puerto-rico/,"Minor earthquake, 2.9 mag strikes near Guanica in Puerto Rico",Negative,1
20200121,earthquakenewstoday.com,http://www.earthquakenewstoday.com/2020/01/21/minor-earthquake-3-6-mag-has-occurred-near-penuelas-in-puerto-rico/,"Minor earthquake, 3.6 mag has occurred near Penuelas in Puerto Rico",Neutral,1
20200121,earthquakenewstoday.com,http://www.earthquakenewstoday.com/2020/01/21/minor-earthquake-3-31-mag-3-km-sse-of-magas-arriba-puerto-rico/,"Minor earthquake 3.31 mag, 3 km SSE of Magas Arriba, Puerto Rico",Neutral,1
20200121,earthquakenewstoday.com,http://www.earthquakenewstoday.com/2020/01/20/minor-earthquake-3-8-mag-16-km-sse-of-guanica-puerto-rico/,"Minor earthquake 3.8 mag, 16 km SSE of Guanica, Puerto Rico",Neutral,1
20200121,earthquakenewstoday.com,http://www.earthquakenewstoday.com/2020/01/21/minor-earthquake-3-8-mag-has-occurred-near-penuelas-in-puerto-rico/,"Minor earthquake, 3.8 mag has occurred near Penuelas in Puerto Rico",Neutral,1
20200121,earthquakenewstoday.com,http://www.earthquakenewstoday.com/2020/01/21/minor-earthquake-3-61-mag-has-occurred-near-guanica-in-puerto-rico/,"Minor earthquake, 3.61 mag has occurred near Guanica in Puerto Rico",Neutral,1
20200121,earthquakenewstoday.com,http://www.earthquakenewstoday.com/2020/01/21/minor-earthquake-3-42-mag-23-km-sse-of-guanica-puerto-rico/,"Minor earthquake 3.42 mag, 23 km SSE of Guanica, Puerto Rico",Neutral,1
20200121,earthquakenewstoday.com,http://www.earthquakenewstoday.com/2020/01/21/minor-earthquake-3-4-mag-strikes-near-maria-antonia-in-puerto-rico/,"Minor earthquake, 3.4 mag strikes near Maria Antonia in Puerto Rico",Negative,1
20200121,earthquakenewstoday.com,http://www.earthquakenewstoday.com/2020/01/21/minor-earthquake-3-04-mag-was-detected-near-guanica-in-puerto-rico/,"Minor earthquake, 3.04 mag was detected near Guanica in Puerto Rico",Neutral,1
20200121,earthquakenewstoday.com,http://www.earthquakenewstoday.com/2020/01/21/minor-earthquake-3-8-mag-12-km-sse-of-guanica-puerto-rico/,"Minor earthquake 3.8 mag, 12 km SSE of Guanica, Puerto Rico",Neutral,1
20200121,earthquakenewstoday.com,http://www.earthquakenewstoday.com/2020/01/21/minor-earthquake-2-8-mag-strikes-near-puerto-rico-region-3/,"Minor earthquake, 2.8 mag strikes near Puerto Rico region",Negative,1
20200121,earthquakenewstoday.com,http://www.earthquakenewstoday.com/2020/01/21/minor-earthquake-m2-93-quake-has-struck-near-la-parguera-in-puerto-rico/,Minor earthquake: M2.93 quake has struck near La Parguera in Puerto Rico,Negative,1
20200121,earthquakenewstoday.com,http://www.earthquakenewstoday.com/2020/01/21/minor-earthquake-3-6-mag-has-occurred-near-guanica-in-puerto-rico/,"Minor earthquake, 3.6 mag has occurred near Guanica in Puerto Rico",Neutral,1
20200121,earthquakenewstoday.com,http://www.earthquakenewstoday.com/2020/01/21/minor-earthquake-3-9-mag-has-occurred-near-penuelas-in-puerto-rico/,"Minor earthquake, 3.9 mag has occurred near Penuelas in Puerto Rico",Neutral,1
20200122,wkyc.com,https://www.wkyc.com/article/news/local/ohio/ohio-air-national-guard-deploys-to-puerto-rico-to-assist-earthquake-victims/95-b5404c0e-eb15-44ea-9fe2-427a94fca43f,Ohio Air National Guard deploys to Puerto Rico to assist earthquake victims,Negative,1
20200122,wkyc.com,https://www.wkyc.com/article/news/nation-world/puerto-rico-asking-for-more-federal-assistance-following-earthquakes/95-f8880fb0-4a74-4adc-bf1f-c5eb34249bb0,Puerto Rico seeks more help from US after damaging quake,Negative,1
20200122,earthquakenewstoday.com,http://www.earthquakenewstoday.com/2020/01/22/minor-earthquake-3-4-mag-6-km-se-of-maria-antonia-puerto-rico/,"Minor earthquake 3.4 mag, 6 km SE of Maria Antonia, Puerto Rico",Neutral,1
20200122,wgal.com,https://www.wgal.com/article/mennonite-disaster-service-volunteers-travel-to-puerto-rico-to-help-earthquake-victims/30617103,Mennonite Disaster Service volunteers travel to Puerto Rico to help earthquake victims,Negative,1
20200122,pcma.org,https://www.pcma.org/puerto-rico-earthquake-recovery-business-events/,Resilient Puerto Rico is Open for Visitors After Earthquake,Neutral,1
20200122,earthquakenewstoday.com,http://www.earthquakenewstoday.com/2020/01/22/minor-earthquake-3-08-mag-was-detected-near-tallaboa-in-puerto-rico/,"Minor earthquake, 3.08 mag was detected near Tallaboa in Puerto Rico",Neutral,1
20200122,earthquakenewstoday.com,http://www.earthquakenewstoday.com/2020/01/22/minor-earthquake-3-43-mag-strikes-near-ponce-in-puerto-rico/,"Minor earthquake, 3.43 mag strikes near Ponce in Puerto Rico",Negative,1
20200122,earthquakenewstoday.com,http://www.earthquakenewstoday.com/2020/01/21/minor-earthquake-3-1-mag-was-detected-near-santo-domingo-in-puerto-rico/,"Minor earthquake, 3.1 mag was detected near Santo Domingo in Puerto Rico",Neutral,1
20200122,earthquakenewstoday.com,http://www.earthquakenewstoday.com/2020/01/22/minor-earthquake-m3-37-quake-has-struck-near-tallaboa-in-puerto-rico/,Minor earthquake: M3.37 quake has struck near Tallaboa in Puerto Rico,Negative,1
20200122,earthquakenewstoday.com,http://www.earthquakenewstoday.com/2020/01/22/minor-earthquake-m2-92-quake-has-struck-near-magas-arriba-in-puerto-rico/,Minor earthquake: M2.92 quake has struck near Magas Arriba in Puerto Rico,Negative,1
20200122,earthquakenewstoday.com,http://www.earthquakenewstoday.com/2020/01/22/minor-earthquake-2-86-mag-has-occurred-near-guanica-in-puerto-rico/,"Minor earthquake, 2.86 mag has occurred near Guanica in Puerto Rico",Neutral,1
20200122,earthquakenewstoday.com,http://www.earthquakenewstoday.com/2020/01/22/minor-earthquake-3-07-mag-13-km-se-of-guanica-puerto-rico/,"Minor earthquake 3.07 mag, 13 km SE of Guanica, Puerto Rico",Neutral,1
20200122,earthquakenewstoday.com,http://www.earthquakenewstoday.com/2020/01/22/minor-earthquake-3-03-mag-was-detected-near-magas-arriba-in-puerto-rico/,"Minor earthquake, 3.03 mag was detected near Magas Arriba in Puerto Rico",Neutral,1
20200122,earthquakenewstoday.com,http://www.earthquakenewstoday.com/2020/01/22/minor-earthquake-3-25-mag-was-detected-near-maria-antonia-in-puerto-rico/,"Minor earthquake, 3.25 mag was detected near Maria Antonia in Puerto Rico",Neutral,1
20200122,earthquakenewstoday.com,http://www.earthquakenewstoday.com/2020/01/22/minor-earthquake-2-81-mag-3-km-nw-of-tallaboa-puerto-rico/,"Minor earthquake 2.81 mag, 3 km NW of Tallaboa, Puerto Rico",Neutral,1
20200122,earthquakenewstoday.com,http://www.earthquakenewstoday.com/2020/01/22/minor-earthquake-m3-quake-has-struck-near-indios-in-puerto-rico/,Minor earthquake: M3 quake has struck near Indios in Puerto Rico,Negative,1
20200122,earthquakenewstoday.com,http://www.earthquakenewstoday.com/2020/01/22/minor-earthquake-m3-24-quake-has-struck-near-la-parguera-in-puerto-rico/,Minor earthquake: M3.24 quake has struck near La Parguera in Puerto Rico,Negative,1
20200122,earthquakenewstoday.com,http://www.earthquakenewstoday.com/2020/01/22/minor-earthquake-2-88-mag-has-occurred-near-ponce-in-puerto-rico/,"Minor earthquake, 2.88 mag has occurred near Ponce in Puerto Rico",Neutral,1
20200122,earthquakenewstoday.com,http://www.earthquakenewstoday.com/2020/01/22/minor-earthquake-2-83-mag-was-detected-near-guayanilla-in-puerto-rico/,"Minor earthquake, 2.83 mag was detected near Guayanilla in Puerto Rico",Neutral,1
20200122,earthquakenewstoday.com,http://www.earthquakenewstoday.com/2020/01/22/minor-earthquake-3-3-mag-has-occurred-near-tallaboa-in-puerto-rico/,"Minor earthquake, 3.3 mag has occurred near Tallaboa in Puerto Rico",Neutral,1
20200122,earthquakenewstoday.com,http://www.earthquakenewstoday.com/2020/01/22/minor-earthquake-2-84-mag-strikes-near-guanica-in-puerto-rico/,"Minor earthquake, 2.84 mag strikes near Guanica in Puerto Rico",Negative,1
20200122,earthquakenewstoday.com,http://www.earthquakenewstoday.com/2020/01/22/minor-earthquake-2-81-mag-15-km-s-of-guanica-puerto-rico/,"Minor earthquake 2.81 mag, 15 km S of Guanica, Puerto Rico",Neutral,1
20200122,earthquakenewstoday.com,http://www.earthquakenewstoday.com/2020/01/21/minor-earthquake-3-3-mag-14-km-s-of-indios-puerto-rico/,"Minor earthquake 3.3 mag, 14 km S of Indios, Puerto Rico",Neutral,1
20200122,earthquakenewstoday.com,http://www.earthquakenewstoday.com/2020/01/22/minor-earthquake-3-15-mag-22-km-s-of-guanica-puerto-rico/,"Minor earthquake 3.15 mag, 22 km S of Guanica, Puerto Rico",Neutral,1
20200122,earthquakenewstoday.com,http://www.earthquakenewstoday.com/2020/01/22/minor-earthquake-2-99-mag-has-occurred-near-guanica-in-puerto-rico/,"Minor earthquake, 2.99 mag has occurred near Guanica in Puerto Rico",Neutral,1
20200122,earthquakenewstoday.com,http://www.earthquakenewstoday.com/2020/01/22/minor-earthquake-3-43-mag-strikes-near-guanica-in-puerto-rico/,"Minor earthquake, 3.43 mag strikes near Guanica in Puerto Rico",Negative,1
20200122,earthquakenewstoday.com,http://www.earthquakenewstoday.com/2020/01/22/minor-earthquake-3-04-mag-strikes-near-indios-in-puerto-rico/,"Minor earthquake, 3.04 mag strikes near Indios in Puerto Rico",Negative,1
20200122,earthquakenewstoday.com,http://www.earthquakenewstoday.com/2020/01/22/minor-earthquake-2-82-mag-strikes-near-guayanilla-in-puerto-rico/,"Minor earthquake, 2.82 mag strikes near Guayanilla in Puerto Rico",Negative,1
20200122,earthquakenewstoday.com,http://www.earthquakenewstoday.com/2020/01/22/minor-earthquake-3-05-mag-10-km-sse-of-tallaboa-puerto-rico/,"Minor earthquake 3.05 mag, 10 km SSE of Tallaboa, Puerto Rico",Neutral,1
20200122,earthquakenewstoday.com,http://www.earthquakenewstoday.com/2020/01/22/minor-earthquake-3-15-mag-strikes-near-guanica-in-puerto-rico/,"Minor earthquake, 3.15 mag strikes near Guanica in Puerto Rico",Negative,1
20200122,mcall.com,http://www.mcall.com/news/pennsylvania/capitol-ideas/mc-nws-pa-puerto-rico-earthquake-roundtable-20200122-x65uyz4qwzfhdlzdjuk2hkap6y-story.html,"Earthquake aftershock in Puerto Rico is ‘psychological torture,’ Lehigh Valley delegation tells Rep. Wild at summit",Neutral,1
20200122,earthquakenewstoday.com,http://www.earthquakenewstoday.com/2020/01/22/minor-earthquake-m2-92-quake-has-struck-near-la-parguera-in-puerto-rico/,Minor earthquake: M2.92 quake has struck near La Parguera in Puerto Rico,Negative,1
20200123,earthquakenewstoday.com,http://www.earthquakenewstoday.com/2020/01/23/minor-earthquake-3-13-mag-was-detected-near-tallaboa-in-puerto-rico/,"Minor earthquake, 3.13 mag was detected near Tallaboa in Puerto Rico",Neutral,1
20200123,earthquakenewstoday.com,http://www.earthquakenewstoday.com/2020/01/23/minor-earthquake-2-92-mag-20-km-s-of-guanica-puerto-rico/,"Minor earthquake 2.92 mag, 20 km S of Guanica, Puerto Rico",Neutral,1
20200123,earthquakenewstoday.com,http://www.earthquakenewstoday.com/2020/01/23/minor-earthquake-2-93-mag-was-detected-near-maria-antonia-in-puerto-rico/,"Minor earthquake, 2.93 mag was detected near Maria Antonia in Puerto Rico",Neutral,1
20200123,earthquakenewstoday.com,http://www.earthquakenewstoday.com/2020/01/23/minor-earthquake-m3-27-quake-has-struck-near-indios-in-puerto-rico/,Minor earthquake: M3.27 quake has struck near Indios in Puerto Rico,Negative,1
20200123,army.mil,https://www.usace.army.mil/Media/News-Archive/Story-Article-View/Article/2063566/ohio-airmen-proud-to-support-puerto-rico-earthquake-relief/,Ohio Airmen proud to support Puerto Rico earthquake relief,Positive,1
20200123,earthquakenewstoday.com,http://www.earthquakenewstoday.com/2020/01/23/minor-earthquake-2-84-mag-strikes-near-la-parguera-in-puerto-rico/,"Minor earthquake, 2.84 mag strikes near La Parguera in Puerto Rico",Negative,1
20200123,earthquakenewstoday.com,http://www.earthquakenewstoday.com/2020/01/23/minor-earthquake-m2-93-quake-has-struck-near-maria-antonia-in-puerto-rico/,Minor earthquake: M2.93 quake has struck near Maria Antonia in Puerto Rico,Negative,1
20200123,earthquakenewstoday.com,http://www.earthquakenewstoday.com/2020/01/23/light-earthquake-4-2-mag-18-km-sse-of-guanica-puerto-rico/,"Light earthquake 4.2 mag, 18 km SSE of Guanica, Puerto Rico",Neutral,1
20200123,earthquakenewstoday.com,http://www.earthquakenewstoday.com/2020/01/23/minor-earthquake-m2-83-quake-has-struck-near-maria-antonia-in-puerto-rico/,Minor earthquake: M2.83 quake has struck near Maria Antonia in Puerto Rico,Negative,1
20200123,earthquakenewstoday.com,http://www.earthquakenewstoday.com/2020/01/23/minor-earthquake-m2-87-quake-has-struck-near-magas-arriba-in-puerto-rico/,Minor earthquake: M2.87 quake has struck near Magas Arriba in Puerto Rico,Negative,1
20200123,earthquakenewstoday.com,http://www.earthquakenewstoday.com/2020/01/23/minor-earthquake-3-6-mag-was-detected-near-guanica-in-puerto-rico/,"Minor earthquake, 3.6 mag was detected near Guanica in Puerto Rico",Neutral,1
20200123,earthquakenewstoday.com,http://www.earthquakenewstoday.com/2020/01/23/minor-earthquake-2-91-mag-has-occurred-near-indios-in-puerto-rico/,"Minor earthquake, 2.91 mag has occurred near Indios in Puerto Rico",Neutral,1
20200123,earthquakenewstoday.com,http://www.earthquakenewstoday.com/2020/01/23/minor-earthquake-m3-1-quake-has-struck-near-guanica-in-puerto-rico/,Minor earthquake: M3.1 quake has struck near Guanica in Puerto Rico,Negative,1
20200123,earthquakenewstoday.com,http://www.earthquakenewstoday.com/2020/01/23/minor-earthquake-m3-quake-has-struck-near-maria-antonia-in-puerto-rico/,Minor earthquake: M3 quake has struck near Maria Antonia in Puerto Rico,Negative,1
20200123,earthquakenewstoday.com,http://www.earthquakenewstoday.com/2020/01/23/minor-earthquake-2-87-mag-has-occurred-near-guanica-in-puerto-rico/,"Minor earthquake, 2.87 mag has occurred near Guanica in Puerto Rico",Neutral,1
20200123,earthquakenewstoday.com,http://www.earthquakenewstoday.com/2020/01/23/minor-earthquake-3-3-mag-16-km-sse-of-guanica-puerto-rico/,"Minor earthquake 3.3 mag, 16 km SSE of Guanica, Puerto Rico",Neutral,1
20200123,earthquakenewstoday.com,http://www.earthquakenewstoday.com/2020/01/23/minor-earthquake-3-86-mag-was-detected-near-guanica-in-puerto-rico/,"Minor earthquake, 3.86 mag was detected near Guanica in Puerto Rico",Neutral,1
20200123,earthquakenewstoday.com,http://www.earthquakenewstoday.com/2020/01/23/minor-earthquake-2-87-mag-9-km-sw-of-guanica-puerto-rico/,"Minor earthquake 2.87 mag, 9 km SW of Guanica, Puerto Rico",Neutral,1
20200123,orangeobserver.com,https://www.orangeobserver.com/article/orlando-health-establishes-earthquake-relief-fund-for-puerto-rico,Orlando Health establishes Earthquake Relief Fund for Puerto Rico,Positive,1
20200123,earthquakenewstoday.com,http://www.earthquakenewstoday.com/2020/01/23/minor-earthquake-3-29-mag-has-occurred-near-guanica-in-puerto-rico/,"Minor earthquake, 3.29 mag has occurred near Guanica in Puerto Rico",Neutral,1
20200123,earthquakenewstoday.com,http://www.earthquakenewstoday.com/2020/01/23/minor-earthquake-3-19-mag-was-detected-near-indios-in-puerto-rico/,"Minor earthquake, 3.19 mag was detected near Indios in Puerto Rico",Neutral,1
20200123,earthquakenewstoday.com,http://www.earthquakenewstoday.com/2020/01/23/minor-earthquake-3-2-mag-5-km-s-of-indios-puerto-rico/,"Minor earthquake 3.2 mag, 5 km S of Indios, Puerto Rico",Neutral,1
20200123,earthquakenewstoday.com,http://www.earthquakenewstoday.com/2020/01/23/minor-earthquake-2-8-mag-has-occurred-near-guayanilla-in-puerto-rico/,"Minor earthquake, 2.8 mag has occurred near Guayanilla in Puerto Rico",Neutral,1
20200123,earthquakenewstoday.com,http://www.earthquakenewstoday.com/2020/01/23/minor-earthquake-m2-86-quake-has-struck-near-magas-arriba-in-puerto-rico/,Minor earthquake: M2.86 quake has struck near Magas Arriba in Puerto Rico,Negative,1
20200123,earthquakenewstoday.com,http://www.earthquakenewstoday.com/2020/01/23/minor-earthquake-3-3-mag-5-km-s-of-tallaboa-puerto-rico/,"Minor earthquake 3.3 mag, 5 km S of Tallaboa, Puerto Rico",Neutral,1
20200123,earthquakenewstoday.com,http://www.earthquakenewstoday.com/2020/01/23/minor-earthquake-2-85-mag-has-occurred-near-guanica-in-puerto-rico/,"Minor earthquake, 2.85 mag has occurred near Guanica in Puerto Rico",Neutral,1
20200123,earthquakenewstoday.com,http://www.earthquakenewstoday.com/2020/01/23/minor-earthquake-m2-86-quake-has-struck-near-indios-in-puerto-rico/,Minor earthquake: M2.86 quake has struck near Indios in Puerto Rico,Negative,1
20200123,earthquakenewstoday.com,http://www.earthquakenewstoday.com/2020/01/22/minor-earthquake-3-4-mag-11-km-sw-of-guanica-puerto-rico/,"Minor earthquake 3.4 mag, 11 km SW of Guanica, Puerto Rico",Neutral,1
20200123,earthquakenewstoday.com,http://www.earthquakenewstoday.com/2020/01/23/minor-earthquake-2-81-mag-5-km-s-of-tallaboa-puerto-rico/,"Minor earthquake 2.81 mag, 5 km S of Tallaboa, Puerto Rico",Neutral,1
20200123,earthquakenewstoday.com,http://www.earthquakenewstoday.com/2020/01/23/minor-earthquake-2-86-mag-strikes-near-indios-in-puerto-rico/,"Minor earthquake, 2.86 mag strikes near Indios in Puerto Rico",Negative,1
20200123,earthquakenewstoday.com,http://www.earthquakenewstoday.com/2020/01/23/minor-earthquake-2-85-mag-was-detected-near-guanica-in-puerto-rico/,"Minor earthquake, 2.85 mag was detected near Guanica in Puerto Rico",Neutral,1
20200123,earthquakenewstoday.com,http://www.earthquakenewstoday.com/2020/01/23/minor-earthquake-2-8-mag-2-km-ssw-of-indios-puerto-rico/,"Minor earthquake 2.8 mag, 2 km SSW of Indios, Puerto Rico",Neutral,1
20200123,washingtonblade.com,https://www.washingtonblade.com/2020/01/22/ricky-martin-joins-protest-against-irresponsibility-of-puerto-rico-government-pledges-support-for-earthquake-victims/,"Ricky Martin joins protest against “irresponsibility” of Puerto Rico government, pledges support for earthquake victims",Negative,0
20200123,earthquakenewstoday.com,http://www.earthquakenewstoday.com/2020/01/22/minor-earthquake-3-03-mag-strikes-near-la-parguera-in-puerto-rico/,"Minor earthquake, 3.03 mag strikes near La Parguera in Puerto Rico",Negative,1
20200123,earthquakenewstoday.com,http://www.earthquakenewstoday.com/2020/01/23/minor-earthquake-3-01-mag-was-detected-near-maria-antonia-in-puerto-rico/,"Minor earthquake, 3.01 mag was detected near Maria Antonia in Puerto Rico",Neutral,1
20200123,truthout.org,https://truthout.org/articles/following-earthquake-puerto-ricos-largest-bank-hinders-a-just-recovery/,"Following Earthquake, Puerto Rico’s Largest Bank Hinders a Just Recovery",Neutral,1
20200123,earthquakenewstoday.com,http://www.earthquakenewstoday.com/2020/01/23/minor-earthquake-2-84-mag-has-occurred-near-guanica-in-puerto-rico/,"Minor earthquake, 2.84 mag has occurred near Guanica in Puerto Rico",Neutral,1
20200123,wxii12.com,https://www.wxii12.com/article/burlington-community-members-teaming-up-to-help-earthquake-victims-in-puerto-rico/30647783,Burlington community members teaming up to help earthquake victims in Puerto Rico,Positive,1
20200123,earthquakenewstoday.com,http://www.earthquakenewstoday.com/2020/01/23/minor-earthquake-2-97-mag-has-occurred-near-guanica-in-puerto-rico/,"Minor earthquake, 2.97 mag has occurred near Guanica in Puerto Rico",Neutral,1
20200123,earthquakenewstoday.com,http://www.earthquakenewstoday.com/2020/01/23/minor-earthquake-3-08-mag-2-km-ssw-of-tallaboa-puerto-rico/,"Minor earthquake 3.08 mag, 2 km SSW of Tallaboa, Puerto Rico",Neutral,1
20200123,earthquakenewstoday.com,http://www.earthquakenewstoday.com/2020/01/23/minor-earthquake-3-9-mag-strikes-near-indios-in-puerto-rico/,"Minor earthquake, 3.9 mag strikes near Indios in Puerto Rico",Negative,1
20200123,earthquakenewstoday.com,http://www.earthquakenewstoday.com/2020/01/23/minor-earthquake-3-05-mag-has-occurred-near-yauco-in-puerto-rico/,"Minor earthquake, 3.05 mag has occurred near Yauco in Puerto Rico",Neutral,1
20200123,earthquakenewstoday.com,http://www.earthquakenewstoday.com/2020/01/23/minor-earthquake-2-82-mag-8-km-sse-of-indios-puerto-rico/,"Minor earthquake 2.82 mag, 8 km SSE of Indios, Puerto Rico",Neutral,1
20200123,earthquakenewstoday.com,http://www.earthquakenewstoday.com/2020/01/23/minor-earthquake-3-02-mag-6-km-sw-of-tallaboa-puerto-rico/,"Minor earthquake 3.02 mag, 6 km SW of Tallaboa, Puerto Rico",Neutral,1
20200124,earthquakenewstoday.com,http://www.earthquakenewstoday.com/2020/01/24/minor-earthquake-2-8-mag-strikes-near-tallaboa-in-puerto-rico-2/,"Minor earthquake, 2.8 mag strikes near Tallaboa in Puerto Rico",Negative,1
20200124,earthquakenewstoday.com,http://www.earthquakenewstoday.com/2020/01/24/minor-earthquake-2-84-mag-1-km-ssw-of-indios-puerto-rico/,"Minor earthquake 2.84 mag, 1 km SSW of Indios, Puerto Rico",Neutral,1
20200124,earthquakenewstoday.com,http://www.earthquakenewstoday.com/2020/01/24/minor-earthquake-3-13-mag-was-detected-near-guanica-in-puerto-rico/,"Minor earthquake, 3.13 mag was detected near Guanica in Puerto Rico",Neutral,1
20200124,earthquakenewstoday.com,http://www.earthquakenewstoday.com/2020/01/24/minor-earthquake-3-02-mag-5-km-ssw-of-guanica-puerto-rico/,"Minor earthquake 3.02 mag, 5 km SSW of Guanica, Puerto Rico",Neutral,1
20200124,earthquakenewstoday.com,http://www.earthquakenewstoday.com/2020/01/24/minor-earthquake-2-8-mag-2-km-w-of-tallaboa-puerto-rico/,"Minor earthquake 2.8 mag, 2 km W of Tallaboa, Puerto Rico",Neutral,1
20200124,earthquakenewstoday.com,http://www.earthquakenewstoday.com/2020/01/24/minor-earthquake-3-05-mag-strikes-near-guanica-in-puerto-rico/,"Minor earthquake, 3.05 mag strikes near Guanica in Puerto Rico",Negative,1
20200124,tmz.com,https://www.tmz.com/2020/01/24/ricky-martin-helps-puerto-rico-earthquakes-recovery-effort/,Ricky Martin Meets with Officials for Puerto Rico Quake Aid,Neutral,1
20200124,nj.com,https://www.nj.com/hudson/2020/01/jersey-city-aims-to-raise-200k-for-earthquake-relief-in-puerto-rico.html,Jersey City aims to raise $200K for earthquake relief in Puerto Rico,Positive,1
20200124,earthquakenewstoday.com,http://www.earthquakenewstoday.com/2020/01/24/minor-earthquake-2-8-mag-has-occurred-near-tallaboa-in-puerto-rico/,"Minor earthquake, 2.8 mag has occurred near Tallaboa in Puerto Rico",Neutral,1
20200124,earthquakenewstoday.com,http://www.earthquakenewstoday.com/2020/01/24/minor-earthquake-3-18-mag-strikes-near-fuig-in-puerto-rico/,"Minor earthquake, 3.18 mag strikes near Fuig in Puerto Rico",Negative,1
20200124,earthquakenewstoday.com,http://www.earthquakenewstoday.com/2020/01/24/minor-earthquake-2-8-mag-12-km-sse-of-guanica-puerto-rico/,"Minor earthquake 2.8 mag, 12 km SSE of Guanica, Puerto Rico",Neutral,1
20200124,earthquakenewstoday.com,http://www.earthquakenewstoday.com/2020/01/24/minor-earthquake-3-08-mag-has-occurred-near-indios-in-puerto-rico/,"Minor earthquake, 3.08 mag has occurred near Indios in Puerto Rico",Neutral,1
20200124,earthquakenewstoday.com,http://www.earthquakenewstoday.com/2020/01/24/minor-earthquake-2-92-mag-strikes-near-indios-in-puerto-rico/,"Minor earthquake, 2.92 mag strikes near Indios in Puerto Rico",Negative,1
20200124,earthquakenewstoday.com,http://www.earthquakenewstoday.com/2020/01/24/minor-earthquake-3-27-mag-6-km-s-of-tallaboa-puerto-rico/,"Minor earthquake 3.27 mag, 6 km S of Tallaboa, Puerto Rico",Neutral,1
20200124,earthquakenewstoday.com,http://www.earthquakenewstoday.com/2020/01/24/minor-earthquake-2-88-mag-strikes-near-tallaboa-in-puerto-rico/,"Minor earthquake, 2.88 mag strikes near Tallaboa in Puerto Rico",Negative,1
20200124,earthquakenewstoday.com,http://www.earthquakenewstoday.com/2020/01/24/minor-earthquake-2-86-mag-was-detected-near-tallaboa-in-puerto-rico/,"Minor earthquake, 2.86 mag was detected near Tallaboa in Puerto Rico",Neutral,1
20200124,earthquakenewstoday.com,http://www.earthquakenewstoday.com/2020/01/24/minor-earthquake-2-98-mag-has-occurred-near-guayanilla-in-puerto-rico/,"Minor earthquake, 2.98 mag has occurred near Guayanilla in Puerto Rico",Neutral,1
20200124,earthquakenewstoday.com,http://www.earthquakenewstoday.com/2020/01/24/minor-earthquake-2-92-mag-strikes-near-guanica-in-puerto-rico/,"Minor earthquake, 2.92 mag strikes near Guanica in Puerto Rico",Negative,1
20200124,earthquakenewstoday.com,http://www.earthquakenewstoday.com/2020/01/24/minor-earthquake-m3-05-quake-has-struck-near-guanica-in-puerto-rico/,Minor earthquake: M3.05 quake has struck near Guanica in Puerto Rico,Negative,1
20200124,earthquakenewstoday.com,http://www.earthquakenewstoday.com/2020/01/24/minor-earthquake-2-88-mag-18-km-sse-of-guanica-puerto-rico/,"Minor earthquake 2.88 mag, 18 km SSE of Guanica, Puerto Rico",Neutral,1
20200124,earthquakenewstoday.com,http://www.earthquakenewstoday.com/2020/01/24/minor-earthquake-m3-24-quake-has-struck-near-tallaboa-in-puerto-rico/,Minor earthquake: M3.24 quake has struck near Tallaboa in Puerto Rico,Negative,1
20200124,earthquakenewstoday.com,http://www.earthquakenewstoday.com/2020/01/24/minor-earthquake-3-19-mag-8-km-s-of-tallaboa-puerto-rico/,"Minor earthquake 3.19 mag, 8 km S of Tallaboa, Puerto Rico",Neutral,1
20200124,earthquakenewstoday.com,http://www.earthquakenewstoday.com/2020/01/24/minor-earthquake-m2-95-quake-has-struck-near-maria-antonia-in-puerto-rico/,Minor earthquake: M2.95 quake has struck near Maria Antonia in Puerto Rico,Negative,1
20200124,earthquakenewstoday.com,http://www.earthquakenewstoday.com/2020/01/24/minor-earthquake-2-8-mag-was-detected-near-esperanza-in-puerto-rico-3/,"Minor earthquake, 2.8 mag was detected near Esperanza in Puerto Rico",Neutral,1
20200124,earthquakenewstoday.com,http://www.earthquakenewstoday.com/2020/01/24/minor-earthquake-2-95-mag-was-detected-near-guanica-in-puerto-rico/,"Minor earthquake, 2.95 mag was detected near Guanica in Puerto Rico",Neutral,1
20200124,earthquakenewstoday.com,http://www.earthquakenewstoday.com/2020/01/24/minor-earthquake-3-12-mag-strikes-near-tallaboa-in-puerto-rico/,"Minor earthquake, 3.12 mag strikes near Tallaboa in Puerto Rico",Negative,1
20200124,earthquakenewstoday.com,http://www.earthquakenewstoday.com/2020/01/24/minor-earthquake-2-8-mag-4-km-se-of-maria-antonia-puerto-rico/,"Minor earthquake 2.8 mag, 4 km SE of Maria Antonia, Puerto Rico",Neutral,1
20200124,earthquakenewstoday.com,http://www.earthquakenewstoday.com/2020/01/24/minor-earthquake-3-24-mag-12-km-sse-of-indios-puerto-rico/,"Minor earthquake 3.24 mag, 12 km SSE of Indios, Puerto Rico",Neutral,1
20200124,fox4news.com,https://www.fox4news.com/news/former-ranger-north-texas-fire-departments-join-forces-to-help-puerto-rico-earthquake-victims,"Former Ranger, North Texas fire departments join forces to help Puerto Rico earthquake victims",Positive,1
20200124,earthquakenewstoday.com,http://www.earthquakenewstoday.com/2020/01/24/minor-earthquake-2-89-mag-was-detected-near-guanica-in-puerto-rico/,"Minor earthquake, 2.89 mag was detected near Guanica in Puerto Rico",Neutral,1
20200124,earthquakenewstoday.com,http://www.earthquakenewstoday.com/2020/01/24/minor-earthquake-2-93-mag-has-occurred-near-indios-in-puerto-rico/,"Minor earthquake, 2.93 mag has occurred near Indios in Puerto Rico",Neutral,1
20200124,earthquakenewstoday.com,http://www.earthquakenewstoday.com/2020/01/24/minor-earthquake-2-9-mag-was-detected-near-indios-in-puerto-rico/,"Minor earthquake, 2.9 mag was detected near Indios in Puerto Rico",Neutral,1
20200124,earthquakenewstoday.com,http://www.earthquakenewstoday.com/2020/01/24/minor-earthquake-2-99-mag-10-km-sse-of-guanica-puerto-rico/,"Minor earthquake 2.99 mag, 10 km SSE of Guanica, Puerto Rico",Neutral,1
20200124,earthquakenewstoday.com,http://www.earthquakenewstoday.com/2020/01/24/minor-earthquake-2-9-mag-13-km-s-of-tallaboa-puerto-rico/,"Minor earthquake 2.9 mag, 13 km S of Tallaboa, Puerto Rico",Neutral,1
20200124,earthquakenewstoday.com,http://www.earthquakenewstoday.com/2020/01/24/minor-earthquake-m3-04-quake-has-struck-near-guanica-in-puerto-rico/,Minor earthquake: M3.04 quake has struck near Guanica in Puerto Rico,Negative,1
20200124,earthquakenewstoday.com,http://www.earthquakenewstoday.com/2020/01/24/minor-earthquake-2-92-mag-3-km-se-of-la-parguera-puerto-rico/,"Minor earthquake 2.92 mag, 3 km SE of La Parguera, Puerto Rico",Neutral,1
20200124,earthquakenewstoday.com,http://www.earthquakenewstoday.com/2020/01/24/minor-earthquake-2-97-mag-has-occurred-near-tallaboa-in-puerto-rico/,"Minor earthquake, 2.97 mag has occurred near Tallaboa in Puerto Rico",Neutral,1
20200125,earthquakenewstoday.com,http://www.earthquakenewstoday.com/2020/01/25/minor-earthquake-3-6-mag-8-km-ssw-of-tallaboa-puerto-rico/,"Minor earthquake 3.6 mag, 8 km SSW of Tallaboa, Puerto Rico",Neutral,1
20200125,earthquakenewstoday.com,http://www.earthquakenewstoday.com/2020/01/25/minor-earthquake-3-82-mag-strikes-near-guanica-in-puerto-rico/,"Minor earthquake, 3.82 mag strikes near Guanica in Puerto Rico",Negative,1
20200125,earthquakenewstoday.com,http://www.earthquakenewstoday.com/2020/01/25/minor-earthquake-3-32-mag-1-km-nne-of-indios-puerto-rico/,"Minor earthquake 3.32 mag, 1 km NNE of Indios, Puerto Rico",Neutral,1
20200125,earthquakenewstoday.com,http://www.earthquakenewstoday.com/2020/01/25/minor-earthquake-2-97-mag-has-occurred-near-indios-in-puerto-rico/,"Minor earthquake, 2.97 mag has occurred near Indios in Puerto Rico",Neutral,1
20200125,earthquakenewstoday.com,http://www.earthquakenewstoday.com/2020/01/25/light-earthquake-m4-2-quake-has-struck-near-guanica-in-puerto-rico/,Light earthquake: M4.2 quake has struck near Guanica in Puerto Rico,Negative,1
20200125,earthquakenewstoday.com,http://www.earthquakenewstoday.com/2020/01/25/minor-earthquake-2-81-mag-strikes-near-guanica-in-puerto-rico/,"Minor earthquake, 2.81 mag strikes near Guanica in Puerto Rico",Negative,1
20200125,earthquakenewstoday.com,http://www.earthquakenewstoday.com/2020/01/25/minor-earthquake-2-83-mag-strikes-near-guanica-in-puerto-rico/,"Minor earthquake, 2.83 mag strikes near Guanica in Puerto Rico",Negative,1
20200125,earthquakenewstoday.com,http://www.earthquakenewstoday.com/2020/01/25/minor-earthquake-m2-99-quake-has-struck-near-guanica-in-puerto-rico/,Minor earthquake: M2.99 quake has struck near Guanica in Puerto Rico,Negative,1
20200125,earthquakenewstoday.com,http://www.earthquakenewstoday.com/2020/01/25/light-earthquake-4-2-mag-11-km-ssw-of-guanica-puerto-rico/,"Light earthquake 4.2 mag, 11 km SSW of Guanica, Puerto Rico",Neutral,1
20200125,nbcmiami.com,https://www.nbcmiami.com/news/local/5-0-earthquake-hits-southern-puerto-rico-amid-ongoing-tremors/2181513/,5.0 Earthquake Hits Southern Puerto Rico Amid Ongoing Tremors,Neutral,1
20200125,earthquakenewstoday.com,http://www.earthquakenewstoday.com/2020/01/25/minor-earthquake-3-1-mag-strikes-near-san-juan-in-puerto-rico-2/,"Minor earthquake, 3.1 mag strikes near San Juan in Puerto Rico",Negative,1
20200125,earthquakenewstoday.com,http://www.earthquakenewstoday.com/2020/01/25/minor-earthquake-2-95-mag-11-km-s-of-indios-puerto-rico/,"Minor earthquake 2.95 mag, 11 km S of Indios, Puerto Rico",Neutral,1
20200125,earthquakenewstoday.com,http://www.earthquakenewstoday.com/2020/01/25/minor-earthquake-2-87-mag-was-detected-near-tallaboa-in-puerto-rico/,"Minor earthquake, 2.87 mag was detected near Tallaboa in Puerto Rico",Neutral,1
20200125,earthquakenewstoday.com,http://www.earthquakenewstoday.com/2020/01/25/minor-earthquake-3-3-mag-has-occurred-near-la-parguera-in-puerto-rico/,"Minor earthquake, 3.3 mag has occurred near La Parguera in Puerto Rico",Neutral,1
20200125,earthquakenewstoday.com,http://www.earthquakenewstoday.com/2020/01/25/minor-earthquake-2-96-mag-has-occurred-near-guanica-in-puerto-rico/,"Minor earthquake, 2.96 mag has occurred near Guanica in Puerto Rico",Neutral,1
20200125,earthquakenewstoday.com,http://www.earthquakenewstoday.com/2020/01/25/minor-earthquake-m3-08-quake-has-struck-near-guanica-in-puerto-rico/,Minor earthquake: M3.08 quake has struck near Guanica in Puerto Rico,Negative,1
20200125,earthquakenewstoday.com,http://www.earthquakenewstoday.com/2020/01/25/minor-earthquake-m3-11-quake-has-struck-near-tallaboa-in-puerto-rico/,Minor earthquake: M3.11 quake has struck near Tallaboa in Puerto Rico,Negative,1
20200125,earthquakenewstoday.com,http://www.earthquakenewstoday.com/2020/01/25/minor-earthquake-m3-81-quake-has-struck-near-guanica-in-puerto-rico/,Minor earthquake: M3.81 quake has struck near Guanica in Puerto Rico,Negative,1
20200125,earthquakenewstoday.com,http://www.earthquakenewstoday.com/2020/01/25/minor-earthquake-3-mag-was-detected-near-tallaboa-in-puerto-rico/,"Minor earthquake, 3 mag was detected near Tallaboa in Puerto Rico",Neutral,1
20200125,earthquakenewstoday.com,http://www.earthquakenewstoday.com/2020/01/25/minor-earthquake-2-99-mag-6-km-se-of-indios-puerto-rico/,"Minor earthquake 2.99 mag, 6 km SE of Indios, Puerto Rico",Neutral,1
20200125,earthquakenewstoday.com,http://www.earthquakenewstoday.com/2020/01/25/light-earthquake-4-5-mag-11-km-ssw-of-guanica-puerto-rico/,"Light earthquake 4.5 mag, 11 km SSW of Guanica, Puerto Rico",Neutral,1
20200125,earthquakenewstoday.com,http://www.earthquakenewstoday.com/2020/01/25/minor-earthquake-2-97-mag-was-detected-near-tallaboa-in-puerto-rico/,"Minor earthquake, 2.97 mag was detected near Tallaboa in Puerto Rico",Neutral,1
20200125,earthquakenewstoday.com,http://www.earthquakenewstoday.com/2020/01/25/minor-earthquake-3-mag-strikes-near-indios-in-puerto-rico/,"Minor earthquake, 3 mag strikes near Indios in Puerto Rico",Negative,1
20200125,earthquakenewstoday.com,http://www.earthquakenewstoday.com/2020/01/25/moderate-earthquake-5-3-mag-strikes-near-maria-antonia-in-puerto-rico/,"Moderate earthquake, 5.3 mag strikes near Maria Antonia in Puerto Rico",Negative,1
20200125,earthquakenewstoday.com,http://www.earthquakenewstoday.com/2020/01/25/minor-earthquake-2-91-mag-strikes-near-palomas-in-puerto-rico/,"Minor earthquake, 2.91 mag strikes near Palomas in Puerto Rico",Negative,1
20200125,earthquakenewstoday.com,http://www.earthquakenewstoday.com/2020/01/25/moderate-earthquake-5-mag-was-detected-near-indios-in-puerto-rico/,"Moderate earthquake, 5 mag was detected near Indios in Puerto Rico",Neutral,1
20200125,earthquakenewstoday.com,http://www.earthquakenewstoday.com/2020/01/25/minor-earthquake-2-82-mag-was-detected-near-tallaboa-in-puerto-rico/,"Minor earthquake, 2.82 mag was detected near Tallaboa in Puerto Rico",Neutral,1
20200125,earthquakenewstoday.com,http://www.earthquakenewstoday.com/2020/01/25/light-earthquake-4-mag-was-detected-near-guanica-in-puerto-rico/,"Light earthquake, 4 mag was detected near Guanica in Puerto Rico",Neutral,1
20200125,earthquakenewstoday.com,http://www.earthquakenewstoday.com/2020/01/25/minor-earthquake-2-85-mag-4-km-ssw-of-indios-puerto-rico/,"Minor earthquake 2.85 mag, 4 km SSW of Indios, Puerto Rico",Neutral,1
20200125,earthquakenewstoday.com,http://www.earthquakenewstoday.com/2020/01/25/minor-earthquake-2-9-mag-was-detected-near-tallaboa-in-puerto-rico/,"Minor earthquake, 2.9 mag was detected near Tallaboa in Puerto Rico",Neutral,1
20200125,earthquakenewstoday.com,http://www.earthquakenewstoday.com/2020/01/25/minor-earthquake-3-01-mag-strikes-near-guanica-in-puerto-rico/,"Minor earthquake, 3.01 mag strikes near Guanica in Puerto Rico",Negative,1
20200125,earthquakenewstoday.com,http://www.earthquakenewstoday.com/2020/01/25/minor-earthquake-3-mag-was-detected-near-yauco-in-puerto-rico/,"Minor earthquake, 3 mag was detected near Yauco in Puerto Rico",Neutral,1
20200125,fox13news.com,https://www.fox13news.com/news/pets-from-earthquake-ravaged-puerto-rico-up-for-adoption,Pets from earthquake-ravaged Puerto Rico up for adoption,Neutral,1
20200126,earthquakenewstoday.com,http://www.earthquakenewstoday.com/2020/01/26/minor-earthquake-2-8-mag-3-km-ssw-of-guanica-puerto-rico/,"Minor earthquake 2.8 mag, 3 km SSW of Guanica, Puerto Rico",Neutral,1
20200126,onegreenplanet.org,https://www.onegreenplanet.org/animalsandnature/100-dogs-rescued-from-puerto-rico-earthquake-head-to-philly-for-adoption/,100 Dogs Rescued From Puerto Rico Earthquake Head to Philly for Adoption,Positive,1
20200126,inquirer.com,https://www.inquirer.com/news/nation-world/puerto-rico-earthquake-guayanilla-landslide-20200126.html,5.0 quake hits southern Puerto Rico amid ongoing tremors,Neutral,1
20200126,news12.com,http://newjersey.news12.com/story/41611674/57-state-troopers-head-to-puerto-rico-to-assist-in-earthquake-recovery-efforts,57 state troopers head to Puerto Rico to assist in earthquake recovery efforts,Neutral,1
20200126,earthquakenewstoday.com,http://www.earthquakenewstoday.com/2020/01/26/light-earthquake-4-3-mag-strikes-near-guanica-in-puerto-rico/,"Light earthquake, 4.3 mag strikes near Guanica in Puerto Rico",Negative,1
20200126,earthquakenewstoday.com,http://www.earthquakenewstoday.com/2020/01/26/minor-earthquake-3-56-mag-16-km-sse-of-guanica-puerto-rico/,"Minor earthquake 3.56 mag, 16 km SSE of Guanica, Puerto Rico",Neutral,1
20200126,earthquakenewstoday.com,http://www.earthquakenewstoday.com/2020/01/26/minor-earthquake-3-1-mag-was-detected-near-la-parguera-in-puerto-rico/,"Minor earthquake, 3.1 mag was detected near La Parguera in Puerto Rico",Neutral,1
20200126,cbsnews.com,https://www.cbsnews.com/news/5-0-magnitude-earthquake-hits-southern-puerto-rico-amid-ongoing-tremors-2020-01-25/,5.0 magnitude earthquake hits southern Puerto Rico amid ongoing tremors,Neutral,1
20200126,earthquakenewstoday.com,http://www.earthquakenewstoday.com/2020/01/26/minor-earthquake-2-93-mag-has-occurred-near-guanica-in-puerto-rico/,"Minor earthquake, 2.93 mag has occurred near Guanica in Puerto Rico",Neutral,1
20200126,earthquakenewstoday.com,http://www.earthquakenewstoday.com/2020/01/26/minor-earthquake-3-4-mag-was-detected-near-fuig-in-puerto-rico/,"Minor earthquake, 3.4 mag was detected near Fuig in Puerto Rico",Neutral,1
20200126,fox35orlando.com,https://www.fox35orlando.com/news/more-families-expected-to-come-to-florida-after-another-major-earthquake-in-puerto-rico,More families expected to come to Florida after another major earthquake in Puerto Rico,Neutral,1
20200126,earthquakenewstoday.com,http://www.earthquakenewstoday.com/2020/01/26/minor-earthquake-3-5-mag-was-detected-near-fuig-in-puerto-rico/,"Minor earthquake, 3.5 mag was detected near Fuig in Puerto Rico",Neutral,1
20200126,earthquakenewstoday.com,http://www.earthquakenewstoday.com/2020/01/26/minor-earthquake-3-2-mag-2-km-w-of-fuig-puerto-rico/,"Minor earthquake 3.2 mag, 2 km W of Fuig, Puerto Rico",Neutral,1
20200126,earthquakenewstoday.com,http://www.earthquakenewstoday.com/2020/01/26/minor-earthquake-3-09-mag-was-detected-near-guanica-in-puerto-rico/,"Minor earthquake, 3.09 mag was detected near Guanica in Puerto Rico",Neutral,1
20200126,fox35orlando.com,https://www.fox35orlando.com/news/more-families-expected-in-central-florida-after-earthquake-rocks-puerto-rico,More families expected in Central Florida after earthquake rocks Puerto Rico,Neutral,1
20200126,earthquakenewstoday.com,http://www.earthquakenewstoday.com/2020/01/25/minor-earthquake-2-8-mag-5-km-wnw-of-santo-domingo-puerto-rico/,"Minor earthquake 2.8 mag, 5 km WNW of Santo Domingo, Puerto Rico",Neutral,1
20200126,earthquakenewstoday.com,http://www.earthquakenewstoday.com/2020/01/26/minor-earthquake-3-23-mag-2-km-w-of-fuig-puerto-rico/,"Minor earthquake 3.23 mag, 2 km W of Fuig, Puerto Rico",Neutral,1
20200126,earthquakenewstoday.com,http://www.earthquakenewstoday.com/2020/01/26/minor-earthquake-m3-02-quake-has-struck-near-tallaboa-in-puerto-rico/,Minor earthquake: M3.02 quake has struck near Tallaboa in Puerto Rico,Negative,1
20200126,earthquakenewstoday.com,http://www.earthquakenewstoday.com/2020/01/26/minor-earthquake-3-57-mag-7-km-s-of-indios-puerto-rico/,"Minor earthquake 3.57 mag, 7 km S of Indios, Puerto Rico",Neutral,1
20200126,earthquakenewstoday.com,http://www.earthquakenewstoday.com/2020/01/26/minor-earthquake-3-06-mag-strikes-near-maria-antonia-in-puerto-rico/,"Minor earthquake, 3.06 mag strikes near Maria Antonia in Puerto Rico",Negative,1
20200126,earthquakenewstoday.com,http://www.earthquakenewstoday.com/2020/01/26/minor-earthquake-3-93-mag-has-occurred-near-guanica-in-puerto-rico/,"Minor earthquake, 3.93 mag has occurred near Guanica in Puerto Rico",Neutral,1
20200126,nakedcapitalism.com,https://www.nakedcapitalism.com/2020/01/puerto-rico-earthquake-aftershocks-and-aftermath.html,Puerto Rico: Earthquake Aftershocks and Aftermath,Neutral,1
20200126,earthquakenewstoday.com,http://www.earthquakenewstoday.com/2020/01/26/minor-earthquake-2-88-mag-has-occurred-near-indios-in-puerto-rico/,"Minor earthquake, 2.88 mag has occurred near Indios in Puerto Rico",Neutral,1
20200126,earthquakenewstoday.com,http://www.earthquakenewstoday.com/2020/01/26/minor-earthquake-m2-83-quake-has-struck-near-guanica-in-puerto-rico/,Minor earthquake: M2.83 quake has struck near Guanica in Puerto Rico,Negative,1
20200126,earthquakenewstoday.com,http://www.earthquakenewstoday.com/2020/01/26/minor-earthquake-3-12-mag-89-km-n-of-san-juan-puerto-rico/,"Minor earthquake 3.12 mag, 89 km N of San Juan, Puerto Rico",Neutral,1
20200126,earthquakenewstoday.com,http://www.earthquakenewstoday.com/2020/01/26/minor-earthquake-2-93-mag-20-km-sse-of-guanica-puerto-rico/,"Minor earthquake 2.93 mag, 20 km SSE of Guanica, Puerto Rico",Neutral,1
20200126,earthquakenewstoday.com,http://www.earthquakenewstoday.com/2020/01/26/minor-earthquake-2-9-mag-strikes-near-puerto-rico/,"Minor earthquake, 2.9 mag strikes near Puerto Rico",Negative,1
20200127,earthquakenewstoday.com,http://www.earthquakenewstoday.com/2020/01/27/minor-earthquake-3-22-mag-has-occurred-near-indios-in-puerto-rico/,"Minor earthquake, 3.22 mag has occurred near Indios in Puerto Rico",Neutral,1
20200127,earthquakenewstoday.com,http://www.earthquakenewstoday.com/2020/01/27/light-earthquake-4-3-mag-has-occurred-near-ponce-in-puerto-rico-2/,"Light earthquake, 4.3 mag has occurred near Ponce in Puerto Rico",Neutral,1
20200127,earthquakenewstoday.com,http://www.earthquakenewstoday.com/2020/01/27/minor-earthquake-m2-82-quake-has-struck-near-tallaboa-in-puerto-rico/,Minor earthquake: M2.82 quake has struck near Tallaboa in Puerto Rico,Negative,1
20200127,earthquakenewstoday.com,http://www.earthquakenewstoday.com/2020/01/27/minor-earthquake-3-39-mag-was-detected-near-guanica-in-puerto-rico/,"Minor earthquake, 3.39 mag was detected near Guanica in Puerto Rico",Neutral,1
20200127,earthquakenewstoday.com,http://www.earthquakenewstoday.com/2020/01/27/minor-earthquake-3-3-mag-was-detected-near-ponce-in-puerto-rico/,"Minor earthquake, 3.3 mag was detected near Ponce in Puerto Rico",Neutral,1
20200127,earthquakenewstoday.com,http://www.earthquakenewstoday.com/2020/01/27/minor-earthquake-2-81-mag-strikes-near-santo-domingo-in-puerto-rico/,"Minor earthquake, 2.81 mag strikes near Santo Domingo in Puerto Rico",Negative,1
20200127,earthquakenewstoday.com,http://www.earthquakenewstoday.com/2020/01/26/minor-earthquake-m3-4-quake-has-struck-near-guayanilla-in-puerto-rico/,Minor earthquake: M3.4 quake has struck near Guayanilla in Puerto Rico,Negative,1
20200127,earthquakenewstoday.com,http://www.earthquakenewstoday.com/2020/01/27/minor-earthquake-2-93-mag-strikes-near-tallaboa-in-puerto-rico/,"Minor earthquake, 2.93 mag strikes near Tallaboa in Puerto Rico",Negative,1
20200127,live5news.com,https://www.live5news.com/2020/01/27/relief-drive-underway-n-charleston-help-puerto-rico-earthquake-victims/,Relief drive underway in N. Charleston to help Puerto Rico earthquake victims,Positive,1
20200127,earthquakenewstoday.com,http://www.earthquakenewstoday.com/2020/01/27/minor-earthquake-2-8-mag-1-km-sw-of-santo-domingo-puerto-rico/,"Minor earthquake 2.8 mag, 1 km SW of Santo Domingo, Puerto Rico",Neutral,1
20200127,earthquakenewstoday.com,http://www.earthquakenewstoday.com/2020/01/27/minor-earthquake-3-23-mag-9-km-ssw-of-ponce-puerto-rico/,"Minor earthquake 3.23 mag, 9 km SSW of Ponce, Puerto Rico",Neutral,1
20200127,earthquakenewstoday.com,http://www.earthquakenewstoday.com/2020/01/27/minor-earthquake-m3-09-quake-has-struck-near-yauco-in-puerto-rico/,Minor earthquake: M3.09 quake has struck near Yauco in Puerto Rico,Negative,1
20200127,earthquakenewstoday.com,http://www.earthquakenewstoday.com/2020/01/27/minor-earthquake-3-1-mag-has-occurred-near-ponce-in-puerto-rico/,"Minor earthquake, 3.1 mag has occurred near Ponce in Puerto Rico",Neutral,1
20200127,earthquakenewstoday.com,http://www.earthquakenewstoday.com/2020/01/27/light-earthquake-4-1-mag-17-km-sse-of-guanica-puerto-rico/,"Light earthquake 4.1 mag, 17 km SSE of Guanica, Puerto Rico",Neutral,1
20200127,earthquakenewstoday.com,http://www.earthquakenewstoday.com/2020/01/27/minor-earthquake-m2-82-quake-has-struck-near-guanica-in-puerto-rico/,Minor earthquake: M2.82 quake has struck near Guanica in Puerto Rico,Negative,1
20200127,earthquakenewstoday.com,http://www.earthquakenewstoday.com/2020/01/27/light-earthquake-4-2-mag-8-km-ssw-of-ponce-puerto-rico/,"Light earthquake 4.2 mag, 8 km SSW of Ponce, Puerto Rico",Neutral,1
20200127,earthquakenewstoday.com,http://www.earthquakenewstoday.com/2020/01/27/minor-earthquake-m2-9-quake-has-struck-near-puerto-rico-region-2/,Minor earthquake: M2.9 quake has struck near Puerto Rico region,Negative,1
20200127,earthquakenewstoday.com,http://www.earthquakenewstoday.com/2020/01/27/light-earthquake-4-3-mag-was-detected-near-isabela-in-puerto-rico/,"Light earthquake, 4.3 mag was detected near Isabela in Puerto Rico",Neutral,1
20200127,washingtonpost.com,https://www.washingtonpost.com/local/education/students-are-returning-to-class-in-earthquake-shaken-puerto-rico-but-fears-persist-over-the-condition-of-schools/2020/01/27/cf69f5d2-33ed-11ea-91fd-82d4e04a3fac_story.html,"Students are returning to class in earthquake-shaken Puerto Rico, but fears persist over the condition of schools",Negative,1
20200127,earthquakenewstoday.com,http://www.earthquakenewstoday.com/2020/01/27/minor-earthquake-3-74-mag-9-km-ssw-of-ponce-puerto-rico/,"Minor earthquake 3.74 mag, 9 km SSW of Ponce, Puerto Rico",Neutral,1
20200127,earthquakenewstoday.com,http://www.earthquakenewstoday.com/2020/01/27/minor-earthquake-2-99-mag-7-km-sw-of-guanica-puerto-rico/,"Minor earthquake 2.99 mag, 7 km SW of Guanica, Puerto Rico",Neutral,1
20200127,earthquakenewstoday.com,http://www.earthquakenewstoday.com/2020/01/27/light-earthquake-4-6-mag-was-detected-near-ponce-in-puerto-rico/,"Light earthquake, 4.6 mag was detected near Ponce in Puerto Rico",Neutral,1
20200127,earthquakenewstoday.com,http://www.earthquakenewstoday.com/2020/01/27/minor-earthquake-3-98-mag-strikes-near-isabela-in-puerto-rico/,"Minor earthquake, 3.98 mag strikes near Isabela in Puerto Rico",Negative,1
20200127,earthquakenewstoday.com,http://www.earthquakenewstoday.com/2020/01/27/light-earthquake-4-6-mag-strikes-near-ponce-in-puerto-rico/,"Light earthquake, 4.6 mag strikes near Ponce in Puerto Rico",Negative,1
20200127,earthquakenewstoday.com,http://www.earthquakenewstoday.com/2020/01/27/light-earthquake-4-4-mag-14-km-s-of-ponce-puerto-rico/,"Light earthquake 4.4 mag, 14 km S of Ponce, Puerto Rico",Neutral,1
20200127,earthquakenewstoday.com,http://www.earthquakenewstoday.com/2020/01/27/minor-earthquake-3-5-mag-5-km-ssw-of-tallaboa-puerto-rico/,"Minor earthquake 3.5 mag, 5 km SSW of Tallaboa, Puerto Rico",Neutral,1
20200127,earthquakenewstoday.com,http://www.earthquakenewstoday.com/2020/01/27/minor-earthquake-3-04-mag-was-detected-near-yauco-in-puerto-rico/,"Minor earthquake, 3.04 mag was detected near Yauco in Puerto Rico",Neutral,1
20200127,earthquakenewstoday.com,http://www.earthquakenewstoday.com/2020/01/26/minor-earthquake-2-95-mag-has-occurred-near-indios-in-puerto-rico/,"Minor earthquake, 2.95 mag has occurred near Indios in Puerto Rico",Neutral,1
20200127,earthquakenewstoday.com,http://www.earthquakenewstoday.com/2020/01/27/minor-earthquake-m2-96-quake-has-struck-near-guanica-in-puerto-rico/,Minor earthquake: M2.96 quake has struck near Guanica in Puerto Rico,Negative,1
20200128,earthquakenewstoday.com,http://www.earthquakenewstoday.com/2020/01/28/minor-earthquake-3-04-mag-strikes-near-guanica-in-puerto-rico/,"Minor earthquake, 3.04 mag strikes near Guanica in Puerto Rico",Negative,1
20200128,earthquakenewstoday.com,http://www.earthquakenewstoday.com/2020/01/28/minor-earthquake-m3-9-quake-has-struck-near-tallaboa-in-puerto-rico/,Minor earthquake: M3.9 quake has struck near Tallaboa in Puerto Rico,Negative,1
20200128,earthquakenewstoday.com,http://www.earthquakenewstoday.com/2020/01/28/minor-earthquake-2-92-mag-has-occurred-near-guayanilla-in-puerto-rico/,"Minor earthquake, 2.92 mag has occurred near Guayanilla in Puerto Rico",Neutral,1
20200128,nbcmiami.com,https://www.nbcmiami.com/news/local/young-couple-tries-to-escape-earthquake-ridden-puerto-rico-spends-40-hours-at-mia/2182295/,"Young Couple Tries to Escape Earthquake-Ridden Puerto Rico, Spends 40 Hours at MIA",Negative,0
20200128,earthquakenewstoday.com,http://www.earthquakenewstoday.com/2020/01/28/minor-earthquake-2-86-mag-has-occurred-near-indios-in-puerto-rico/,"Minor earthquake, 2.86 mag has occurred near Indios in Puerto Rico",Neutral,1
20200128,earthquakenewstoday.com,http://www.earthquakenewstoday.com/2020/01/28/light-earthquake-m4-3-quake-has-struck-near-tallaboa-in-puerto-rico-2/,Light earthquake: M4.3 quake has struck near Tallaboa in Puerto Rico,Negative,1
20200128,earthquakenewstoday.com,http://www.earthquakenewstoday.com/2020/01/28/minor-earthquake-2-85-mag-9-km-sw-of-guanica-puerto-rico/,"Minor earthquake 2.85 mag, 9 km SW of Guanica, Puerto Rico",Neutral,1
20200128,earthquakenewstoday.com,http://www.earthquakenewstoday.com/2020/01/28/minor-earthquake-3-15-mag-was-detected-near-indios-in-puerto-rico/,"Minor earthquake, 3.15 mag was detected near Indios in Puerto Rico",Neutral,1
20200128,earthquakenewstoday.com,http://www.earthquakenewstoday.com/2020/01/28/minor-earthquake-m2-99-quake-has-struck-near-tallaboa-in-puerto-rico/,Minor earthquake: M2.99 quake has struck near Tallaboa in Puerto Rico,Negative,1
20200128,earthquakenewstoday.com,http://www.earthquakenewstoday.com/2020/01/28/minor-earthquake-3-03-mag-2-km-nw-of-guayanilla-puerto-rico/,"Minor earthquake 3.03 mag, 2 km NW of Guayanilla, Puerto Rico",Neutral,1
20200128,earthquakenewstoday.com,http://www.earthquakenewstoday.com/2020/01/28/minor-earthquake-3-13-mag-was-detected-near-indios-in-puerto-rico/,"Minor earthquake, 3.13 mag was detected near Indios in Puerto Rico",Neutral,1
20200128,earthquakenewstoday.com,http://www.earthquakenewstoday.com/2020/01/28/minor-earthquake-3-32-mag-strikes-near-guanica-in-puerto-rico/,"Minor earthquake, 3.32 mag strikes near Guanica in Puerto Rico",Negative,1
20200128,earthquakenewstoday.com,http://www.earthquakenewstoday.com/2020/01/28/light-earthquake-4-7-mag-9-km-sse-of-tallaboa-puerto-rico/,"Light earthquake 4.7 mag, 9 km SSE of Tallaboa, Puerto Rico",Neutral,1
20200128,earthquakenewstoday.com,http://www.earthquakenewstoday.com/2020/01/28/minor-earthquake-3-34-mag-2-km-sw-of-tallaboa-puerto-rico/,"Minor earthquake 3.34 mag, 2 km SW of Tallaboa, Puerto Rico",Neutral,1
20200128,earthquakenewstoday.com,http://www.earthquakenewstoday.com/2020/01/28/minor-earthquake-3-61-mag-was-detected-near-guanica-in-puerto-rico/,"Minor earthquake, 3.61 mag was detected near Guanica in Puerto Rico",Neutral,1
20200128,earthquakenewstoday.com,http://www.earthquakenewstoday.com/2020/01/28/minor-earthquake-3-09-mag-has-occurred-near-guanica-in-puerto-rico/,"Minor earthquake, 3.09 mag has occurred near Guanica in Puerto Rico",Neutral,1
20200128,courierpostonline.com,https://www.courierpostonline.com/story/news/local/south-jersey/2020/01/28/camden-officials-urge-more-aid-earthquake-ravaged-puerto-rico-red-cross-salvation-army/4588925002/,Camden officials urge more aid for earthquake-ravaged Puerto Rico,Neutral,1
20200128,earthquakenewstoday.com,http://www.earthquakenewstoday.com/2020/01/27/minor-earthquake-3-38-mag-has-occurred-near-maria-antonia-in-puerto-rico/,"Minor earthquake, 3.38 mag has occurred near Maria Antonia in Puerto Rico",Neutral,1
20200128,earthquakenewstoday.com,http://www.earthquakenewstoday.com/2020/01/28/minor-earthquake-m3-38-quake-has-struck-near-maria-antonia-in-puerto-rico/,Minor earthquake: M3.38 quake has struck near Maria Antonia in Puerto Rico,Negative,1
20200128,earthquakenewstoday.com,http://www.earthquakenewstoday.com/2020/01/28/minor-earthquake-3-mag-has-occurred-near-tallaboa-in-puerto-rico/,"Minor earthquake, 3 mag has occurred near Tallaboa in Puerto Rico",Neutral,1
20200128,earthquakenewstoday.com,http://www.earthquakenewstoday.com/2020/01/28/minor-earthquake-m3-01-quake-has-struck-near-guanica-in-puerto-rico/,Minor earthquake: M3.01 quake has struck near Guanica in Puerto Rico,Negative,1
20200128,earthquakenewstoday.com,http://www.earthquakenewstoday.com/2020/01/28/minor-earthquake-2-86-mag-has-occurred-near-la-parguera-in-puerto-rico/,"Minor earthquake, 2.86 mag has occurred near La Parguera in Puerto Rico",Neutral,1
20200128,earthquakenewstoday.com,http://www.earthquakenewstoday.com/2020/01/28/minor-earthquake-2-82-mag-strikes-near-guanica-in-puerto-rico/,"Minor earthquake, 2.82 mag strikes near Guanica in Puerto Rico",Negative,1
20200128,earthquakenewstoday.com,http://www.earthquakenewstoday.com/2020/01/28/minor-earthquake-2-96-mag-has-occurred-near-indios-in-puerto-rico/,"Minor earthquake, 2.96 mag has occurred near Indios in Puerto Rico",Neutral,1
20200128,earthquakenewstoday.com,http://www.earthquakenewstoday.com/2020/01/28/minor-earthquake-2-81-mag-was-detected-near-tallaboa-in-puerto-rico/,"Minor earthquake, 2.81 mag was detected near Tallaboa in Puerto Rico",Neutral,1
20200128,earthquakenewstoday.com,http://www.earthquakenewstoday.com/2020/01/28/minor-earthquake-3-03-mag-was-detected-near-indios-in-puerto-rico/,"Minor earthquake, 3.03 mag was detected near Indios in Puerto Rico",Neutral,1
20200128,earthquakenewstoday.com,http://www.earthquakenewstoday.com/2020/01/28/minor-earthquake-m2-89-quake-has-struck-near-maria-antonia-in-puerto-rico/,Minor earthquake: M2.89 quake has struck near Maria Antonia in Puerto Rico,Negative,1
20200128,earthquakenewstoday.com,http://www.earthquakenewstoday.com/2020/01/28/minor-earthquake-3-4-mag-was-detected-near-indios-in-puerto-rico/,"Minor earthquake, 3.4 mag was detected near Indios in Puerto Rico",Neutral,1
20200128,earthquakenewstoday.com,http://www.earthquakenewstoday.com/2020/01/28/minor-earthquake-2-85-mag-was-detected-near-maria-antonia-in-puerto-rico/,"Minor earthquake, 2.85 mag was detected near Maria Antonia in Puerto Rico",Neutral,1
20200128,earthquakenewstoday.com,http://www.earthquakenewstoday.com/2020/01/28/minor-earthquake-3-13-mag-strikes-near-san-antonio-in-puerto-rico-5/,"Minor earthquake, 3.13 mag strikes near San Antonio in Puerto Rico",Negative,1
20200128,earthquakenewstoday.com,http://www.earthquakenewstoday.com/2020/01/28/minor-earthquake-2-97-mag-has-occurred-near-guayanilla-in-puerto-rico/,"Minor earthquake, 2.97 mag has occurred near Guayanilla in Puerto Rico",Neutral,1
20200128,earthquakenewstoday.com,http://www.earthquakenewstoday.com/2020/01/28/minor-earthquake-2-83-mag-was-detected-near-indios-in-puerto-rico/,"Minor earthquake, 2.83 mag was detected near Indios in Puerto Rico",Neutral,1
20200128,earthquakenewstoday.com,http://www.earthquakenewstoday.com/2020/01/28/minor-earthquake-m3-24-quake-has-struck-near-guanica-in-puerto-rico/,Minor earthquake: M3.24 quake has struck near Guanica in Puerto Rico,Negative,1
20200128,earthquakenewstoday.com,http://www.earthquakenewstoday.com/2020/01/28/minor-earthquake-3-9-mag-7-km-se-of-guanica-puerto-rico/,"Minor earthquake 3.9 mag, 7 km SE of Guanica, Puerto Rico",Neutral,1
20200128,earthquakenewstoday.com,http://www.earthquakenewstoday.com/2020/01/28/minor-earthquake-2-8-mag-has-occurred-near-la-parguera-in-puerto-rico/,"Minor earthquake, 2.8 mag has occurred near La Parguera in Puerto Rico",Neutral,1
20200129,earthquakenewstoday.com,http://www.earthquakenewstoday.com/2020/01/29/minor-earthquake-3-2-mag-strikes-near-san-antonio-in-puerto-rico-6/,"Minor earthquake, 3.2 mag strikes near San Antonio in Puerto Rico",Negative,1
20200129,earthquakenewstoday.com,http://www.earthquakenewstoday.com/2020/01/29/minor-earthquake-2-97-mag-10-km-sse-of-maria-antonia-puerto-rico/,"Minor earthquake 2.97 mag, 10 km SSE of Maria Antonia, Puerto Rico",Neutral,1
20200129,earthquakenewstoday.com,http://www.earthquakenewstoday.com/2020/01/29/minor-earthquake-m3-24-quake-has-struck-near-penuelas-in-puerto-rico/,Minor earthquake: M3.24 quake has struck near Penuelas in Puerto Rico,Negative,1
20200129,earthquakenewstoday.com,http://www.earthquakenewstoday.com/2020/01/29/minor-earthquake-3-4-mag-strikes-near-guayanilla-in-puerto-rico/,"Minor earthquake, 3.4 mag strikes near Guayanilla in Puerto Rico",Negative,1
20200129,earthquakenewstoday.com,http://www.earthquakenewstoday.com/2020/01/29/minor-earthquake-3-21-mag-was-detected-near-tallaboa-in-puerto-rico/,"Minor earthquake, 3.21 mag was detected near Tallaboa in Puerto Rico",Neutral,1
20200129,earthquakenewstoday.com,http://www.earthquakenewstoday.com/2020/01/29/minor-earthquake-2-98-mag-strikes-near-san-antonio-in-puerto-rico-4/,"Minor earthquake, 2.98 mag strikes near San Antonio in Puerto Rico",Negative,1
20200129,earthquakenewstoday.com,http://www.earthquakenewstoday.com/2020/01/29/minor-earthquake-2-8-mag-6-km-s-of-guanica-puerto-rico/,"Minor earthquake 2.8 mag, 6 km S of Guanica, Puerto Rico",Neutral,1
20200129,cnn.com,https://www.cnn.com/2020/01/29/us/puerto-rico-earthquakes-new-york-family/,Puerto Rico earthquake evacuees still face trauma thousands of miles from home,Negative,1
20200129,earthquakenewstoday.com,http://www.earthquakenewstoday.com/2020/01/29/minor-earthquake-3-23-mag-was-detected-near-guayanilla-in-puerto-rico/,"Minor earthquake, 3.23 mag was detected near Guayanilla in Puerto Rico",Neutral,1
20200129,earthquakenewstoday.com,http://www.earthquakenewstoday.com/2020/01/29/minor-earthquake-3-5-mag-was-detected-near-san-antonio-in-puerto-rico-3/,"Minor earthquake, 3.5 mag was detected near San Antonio in Puerto Rico",Neutral,1
20200129,earthquakenewstoday.com,http://www.earthquakenewstoday.com/2020/01/29/minor-earthquake-2-95-mag-was-detected-near-tallaboa-in-puerto-rico/,"Minor earthquake, 2.95 mag was detected near Tallaboa in Puerto Rico",Neutral,1
20200129,earthquakenewstoday.com,http://www.earthquakenewstoday.com/2020/01/29/minor-earthquake-m3-02-quake-has-struck-near-guanica-in-puerto-rico/,Minor earthquake: M3.02 quake has struck near Guanica in Puerto Rico,Negative,1
20200129,earthquakenewstoday.com,http://www.earthquakenewstoday.com/2020/01/29/light-earthquake-4-8-mag-was-detected-near-san-antonio-in-puerto-rico/,"Light earthquake, 4.8 mag was detected near San Antonio in Puerto Rico",Neutral,1
20200129,earthquakenewstoday.com,http://www.earthquakenewstoday.com/2020/01/29/minor-earthquake-m3-08-quake-has-struck-near-san-antonio-in-puerto-rico-2/,Minor earthquake: M3.08 quake has struck near San Antonio in Puerto Rico,Negative,1
20200129,earthquakenewstoday.com,http://www.earthquakenewstoday.com/2020/01/29/light-earthquake-4-5-mag-has-occurred-near-san-antonio-in-puerto-rico/,"Light earthquake, 4.5 mag has occurred near San Antonio in Puerto Rico",Neutral,1
20200129,earthquakenewstoday.com,http://www.earthquakenewstoday.com/2020/01/29/minor-earthquake-m2-89-quake-has-struck-near-indios-in-puerto-rico/,Minor earthquake: M2.89 quake has struck near Indios in Puerto Rico,Negative,1
20200129,earthquakenewstoday.com,http://www.earthquakenewstoday.com/2020/01/29/minor-earthquake-2-82-mag-8-km-se-of-la-parguera-puerto-rico/,"Minor earthquake 2.82 mag, 8 km SE of La Parguera, Puerto Rico",Neutral,1
20200129,earthquakenewstoday.com,http://www.earthquakenewstoday.com/2020/01/29/minor-earthquake-3-2-mag-was-detected-near-san-antonio-in-puerto-rico-5/,"Minor earthquake, 3.2 mag was detected near San Antonio in Puerto Rico",Neutral,1
20200129,earthquakenewstoday.com,http://www.earthquakenewstoday.com/2020/01/29/minor-earthquake-2-99-mag-has-occurred-near-tallaboa-in-puerto-rico/,"Minor earthquake, 2.99 mag has occurred near Tallaboa in Puerto Rico",Neutral,1
20200129,earthquakenewstoday.com,http://www.earthquakenewstoday.com/2020/01/29/minor-earthquake-3-13-mag-has-occurred-near-guanica-in-puerto-rico/,"Minor earthquake, 3.13 mag has occurred near Guanica in Puerto Rico",Neutral,1
20200129,earthquakenewstoday.com,http://www.earthquakenewstoday.com/2020/01/29/light-earthquake-4-6-mag-strikes-near-san-antonio-in-puerto-rico-2/,"Light earthquake, 4.6 mag strikes near San Antonio in Puerto Rico",Negative,1
20200129,earthquakenewstoday.com,http://www.earthquakenewstoday.com/2020/01/29/minor-earthquake-2-87-mag-was-detected-near-guanica-in-puerto-rico/,"Minor earthquake, 2.87 mag was detected near Guanica in Puerto Rico",Neutral,1
20200129,earthquakenewstoday.com,http://www.earthquakenewstoday.com/2020/01/29/minor-earthquake-2-91-mag-was-detected-near-magas-arriba-in-puerto-rico/,"Minor earthquake, 2.91 mag was detected near Magas Arriba in Puerto Rico",Neutral,1
20200129,earthquakenewstoday.com,http://www.earthquakenewstoday.com/2020/01/29/minor-earthquake-3-14-mag-was-detected-near-san-antonio-in-puerto-rico/,"Minor earthquake, 3.14 mag was detected near San Antonio in Puerto Rico",Neutral,1
20200129,earthquakenewstoday.com,http://www.earthquakenewstoday.com/2020/01/29/minor-earthquake-2-88-mag-strikes-near-ponce-in-puerto-rico/,"Minor earthquake, 2.88 mag strikes near Ponce in Puerto Rico",Negative,1
20200129,earthquakenewstoday.com,http://www.earthquakenewstoday.com/2020/01/29/minor-earthquake-3-mag-has-occurred-near-santo-domingo-in-puerto-rico/,"Minor earthquake, 3 mag has occurred near Santo Domingo in Puerto Rico",Neutral,1
20200129,earthquakenewstoday.com,http://www.earthquakenewstoday.com/2020/01/29/minor-earthquake-3-4-mag-7-km-n-of-penuelas-puerto-rico/,"Minor earthquake 3.4 mag, 7 km N of Penuelas, Puerto Rico",Neutral,1
20200129,earthquakenewstoday.com,http://www.earthquakenewstoday.com/2020/01/29/minor-earthquake-2-9-mag-2-km-w-of-indios-puerto-rico/,"Minor earthquake 2.9 mag, 2 km W of Indios, Puerto Rico",Neutral,1
20200129,earthquakenewstoday.com,http://www.earthquakenewstoday.com/2020/01/29/minor-earthquake-2-98-mag-was-detected-near-ponce-in-puerto-rico/,"Minor earthquake, 2.98 mag was detected near Ponce in Puerto Rico",Neutral,1
20200129,earthquakenewstoday.com,http://www.earthquakenewstoday.com/2020/01/29/minor-earthquake-2-9-mag-8-km-se-of-guanica-puerto-rico/,"Minor earthquake 2.9 mag, 8 km SE of Guanica, Puerto Rico",Neutral,1
20200129,earthquakenewstoday.com,http://www.earthquakenewstoday.com/2020/01/29/minor-earthquake-m2-93-quake-has-struck-near-guayanilla-in-puerto-rico/,Minor earthquake: M2.93 quake has struck near Guayanilla in Puerto Rico,Negative,1
20200129,earthquakenewstoday.com,http://www.earthquakenewstoday.com/2020/01/29/minor-earthquake-3-07-mag-6-km-sw-of-guanica-puerto-rico/,"Minor earthquake 3.07 mag, 6 km SW of Guanica, Puerto Rico",Neutral,1
20200129,inquirer.com,https://www.inquirer.com/opinion/commentary/puerto-rico-earthquake-aid-us-territory-20200129.html,"After another Puerto Rico earthquake, the U.S. keeps ignoring 3 million Americans | Opinion",Negative,0
20200129,earthquakenewstoday.com,http://www.earthquakenewstoday.com/2020/01/29/minor-earthquake-3-mag-0-km-se-of-yauco-puerto-rico/,"Minor earthquake 3 mag, 0 km SE of Yauco, Puerto Rico",Neutral,1
20200129,earthquakenewstoday.com,http://www.earthquakenewstoday.com/2020/01/29/minor-earthquake-3-42-mag-has-occurred-near-san-antonio-in-puerto-rico/,"Minor earthquake, 3.42 mag has occurred near San Antonio in Puerto Rico",Neutral,1
20200130,earthquakenewstoday.com,http://www.earthquakenewstoday.com/2020/01/30/minor-earthquake-3-13-mag-strikes-near-indios-in-puerto-rico-2/,"Minor earthquake, 3.13 mag strikes near Indios in Puerto Rico",Negative,1
20200130,earthquakenewstoday.com,http://www.earthquakenewstoday.com/2020/01/30/minor-earthquake-m2-9-quake-has-struck-near-tallaboa-in-puerto-rico/,Minor earthquake: M2.9 quake has struck near Tallaboa in Puerto Rico,Negative,1
20200130,earthquakenewstoday.com,http://www.earthquakenewstoday.com/2020/01/30/minor-earthquake-m3-06-quake-has-struck-near-indios-in-puerto-rico/,Minor earthquake: M3.06 quake has struck near Indios in Puerto Rico,Negative,1
20200130,earthquakenewstoday.com,http://www.earthquakenewstoday.com/2020/01/30/minor-earthquake-2-83-mag-4-km-se-of-indios-puerto-rico/,"Minor earthquake 2.83 mag, 4 km SE of Indios, Puerto Rico",Neutral,1
20200130,earthquakenewstoday.com,http://www.earthquakenewstoday.com/2020/01/30/minor-earthquake-3-4-mag-1-km-sse-of-indios-puerto-rico/,"Minor earthquake 3.4 mag, 1 km SSE of Indios, Puerto Rico",Neutral,1
20200130,wbur.org,https://www.wbur.org/hereandnow/2020/01/14/puerto-rico-earthquake-trump-aid,Thousands Still Sleeping Outside After Puerto Rico Earthquake As Democrats Demand White House Release Aid,Negative,1
20200130,earthquakenewstoday.com,http://www.earthquakenewstoday.com/2020/01/30/minor-earthquake-m3-13-quake-has-struck-near-guanica-in-puerto-rico/,Minor earthquake: M3.13 quake has struck near Guanica in Puerto Rico,Negative,1
20200130,earthquakenewstoday.com,http://www.earthquakenewstoday.com/2020/01/30/minor-earthquake-2-94-mag-5-km-sse-of-maria-antonia-puerto-rico/,"Minor earthquake 2.94 mag, 5 km SSE of Maria Antonia, Puerto Rico",Neutral,1
20200130,earthquakenewstoday.com,http://www.earthquakenewstoday.com/2020/01/30/minor-earthquake-2-98-mag-10-km-sse-of-indios-puerto-rico/,"Minor earthquake 2.98 mag, 10 km SSE of Indios, Puerto Rico",Neutral,1
20200130,abc11.com,https://abc11.com/abc11.com/nc-sends-crews-to-help-with-puerto-rico-earthquake-recovery/5889318/,North Carolina sends crews to help with Puerto Rico earthquake recovery efforts,Positive,1
20200130,earthquakenewstoday.com,http://www.earthquakenewstoday.com/2020/01/30/minor-earthquake-2-81-mag-strikes-near-ponce-in-puerto-rico/,"Minor earthquake, 2.81 mag strikes near Ponce in Puerto Rico",Negative,1
20200130,earthquakenewstoday.com,http://www.earthquakenewstoday.com/2020/01/30/minor-earthquake-3-19-mag-strikes-near-guanica-in-puerto-rico/,"Minor earthquake, 3.19 mag strikes near Guanica in Puerto Rico",Negative,1
20200130,earthquakenewstoday.com,http://www.earthquakenewstoday.com/2020/01/30/minor-earthquake-2-94-mag-was-detected-near-guanica-in-puerto-rico/,"Minor earthquake, 2.94 mag was detected near Guanica in Puerto Rico",Neutral,1
20200130,earthquakenewstoday.com,http://www.earthquakenewstoday.com/2020/01/30/minor-earthquake-m3-09-quake-has-struck-near-palomas-in-puerto-rico/,Minor earthquake: M3.09 quake has struck near Palomas in Puerto Rico,Negative,1
20200130,earthquakenewstoday.com,http://www.earthquakenewstoday.com/2020/01/30/minor-earthquake-3-1-mag-has-occurred-near-puerto-rico/,"Minor earthquake, 3.1 mag has occurred near Puerto Rico",Neutral,1
20200130,earthquakenewstoday.com,http://www.earthquakenewstoday.com/2020/01/30/minor-earthquake-3-14-mag-strikes-near-guanica-in-puerto-rico/,"Minor earthquake, 3.14 mag strikes near Guanica in Puerto Rico",Negative,1
20200130,earthquakenewstoday.com,http://www.earthquakenewstoday.com/2020/01/30/minor-earthquake-3-07-mag-3-km-sse-of-palomas-puerto-rico/,"Minor earthquake 3.07 mag, 3 km SSE of Palomas, Puerto Rico",Neutral,1
20200130,earthquakenewstoday.com,http://www.earthquakenewstoday.com/2020/01/30/minor-earthquake-3-54-mag-strikes-near-tallaboa-in-puerto-rico/,"Minor earthquake, 3.54 mag strikes near Tallaboa in Puerto Rico",Negative,1
20200130,earthquakenewstoday.com,http://www.earthquakenewstoday.com/2020/01/30/minor-earthquake-2-85-mag-strikes-near-indios-in-puerto-rico/,"Minor earthquake, 2.85 mag strikes near Indios in Puerto Rico",Negative,1
20200130,earthquakenewstoday.com,http://www.earthquakenewstoday.com/2020/01/30/minor-earthquake-3-3-mag-strikes-near-san-antonio-in-puerto-rico-2/,"Minor earthquake, 3.3 mag strikes near San Antonio in Puerto Rico",Negative,1
20200130,earthquakenewstoday.com,http://www.earthquakenewstoday.com/2020/01/30/minor-earthquake-3-01-mag-strikes-near-san-antonio-in-puerto-rico-4/,"Minor earthquake, 3.01 mag strikes near San Antonio in Puerto Rico",Negative,1
20200130,earthquakenewstoday.com,http://www.earthquakenewstoday.com/2020/01/30/minor-earthquake-3-21-mag-69-km-nw-of-san-antonio-puerto-rico/,"Minor earthquake 3.21 mag, 69 km NW of San Antonio, Puerto Rico",Neutral,1
20200130,earthquakenewstoday.com,http://www.earthquakenewstoday.com/2020/01/30/minor-earthquake-m3-quake-has-struck-near-guanica-in-puerto-rico/,Minor earthquake: M3 quake has struck near Guanica in Puerto Rico,Negative,1
20200130,earthquakenewstoday.com,http://www.earthquakenewstoday.com/2020/01/30/minor-earthquake-3-97-mag-has-occurred-near-guanica-in-puerto-rico/,"Minor earthquake, 3.97 mag has occurred near Guanica in Puerto Rico",Neutral,1
20200130,earthquakenewstoday.com,http://www.earthquakenewstoday.com/2020/01/30/minor-earthquake-3-1-mag-11-km-ssw-of-tallaboa-puerto-rico/,"Minor earthquake 3.1 mag, 11 km SSW of Tallaboa, Puerto Rico",Neutral,1
20200130,earthquakenewstoday.com,http://www.earthquakenewstoday.com/2020/01/30/minor-earthquake-m2-96-quake-has-struck-near-tallaboa-in-puerto-rico/,Minor earthquake: M2.96 quake has struck near Tallaboa in Puerto Rico,Negative,1
20200130,earthquakenewstoday.com,http://www.earthquakenewstoday.com/2020/01/30/minor-earthquake-m3-1-quake-has-struck-near-san-antonio-in-puerto-rico-10/,Minor earthquake: M3.1 quake has struck near San Antonio in Puerto Rico,Negative,1
20200131,earthquakenewstoday.com,http://www.earthquakenewstoday.com/2020/01/31/minor-earthquake-m3-5-quake-has-struck-near-puerto-rico-region-2/,Minor earthquake: M3.5 quake has struck near Puerto Rico region,Negative,1
20200131,earthquakenewstoday.com,http://www.earthquakenewstoday.com/2020/01/30/minor-earthquake-m3-01-quake-has-struck-near-aguadilla-in-puerto-rico/,Minor earthquake: M3.01 quake has struck near Aguadilla in Puerto Rico,Negative,1
20200131,earthquakenewstoday.com,http://www.earthquakenewstoday.com/2020/01/31/minor-earthquake-2-98-mag-7-km-ssw-of-guanica-puerto-rico/,"Minor earthquake 2.98 mag, 7 km SSW of Guanica, Puerto Rico",Neutral,1
20200131,earthquakenewstoday.com,http://www.earthquakenewstoday.com/2020/01/31/minor-earthquake-3-24-mag-has-occurred-near-aguadilla-in-puerto-rico/,"Minor earthquake, 3.24 mag has occurred near Aguadilla in Puerto Rico",Neutral,1
20200131,earthquakenewstoday.com,http://www.earthquakenewstoday.com/2020/01/31/minor-earthquake-3-5-mag-has-occurred-near-san-antonio-in-puerto-rico/,"Minor earthquake, 3.5 mag has occurred near San Antonio in Puerto Rico",Neutral,1
20200131,earthquakenewstoday.com,http://www.earthquakenewstoday.com/2020/01/30/minor-earthquake-2-9-mag-17-km-sse-of-guanica-puerto-rico/,"Minor earthquake 2.9 mag, 17 km SSE of Guanica, Puerto Rico",Neutral,1
20200131,earthquakenewstoday.com,http://www.earthquakenewstoday.com/2020/01/31/minor-earthquake-2-9-mag-puerto-rico-region-2/,"Minor earthquake 2.9 mag, Puerto Rico region",Neutral,1
20200131,earthquakenewstoday.com,http://www.earthquakenewstoday.com/2020/01/31/minor-earthquake-m2-8-quake-has-struck-near-guayanilla-in-puerto-rico/,Minor earthquake: M2.8 quake has struck near Guayanilla in Puerto Rico,Negative,1
20200131,earthquakenewstoday.com,http://www.earthquakenewstoday.com/2020/01/31/minor-earthquake-3-4-mag-was-detected-near-tallaboa-alta-in-puerto-rico/,"Minor earthquake, 3.4 mag was detected near Tallaboa Alta in Puerto Rico",Neutral,1
20200131,earthquakenewstoday.com,http://www.earthquakenewstoday.com/2020/01/31/minor-earthquake-2-97-mag-was-detected-near-san-antonio-in-puerto-rico-3/,"Minor earthquake, 2.97 mag was detected near San Antonio in Puerto Rico",Neutral,1
20200131,earthquakenewstoday.com,http://www.earthquakenewstoday.com/2020/01/31/minor-earthquake-3-6-mag-1-km-ese-of-maria-antonia-puerto-rico/,"Minor earthquake 3.6 mag, 1 km ESE of Maria Antonia, Puerto Rico",Neutral,1
20200131,earthquakenewstoday.com,http://www.earthquakenewstoday.com/2020/01/31/minor-earthquake-3-16-mag-strikes-near-san-antonio-in-puerto-rico/,"Minor earthquake, 3.16 mag strikes near San Antonio in Puerto Rico",Negative,1
20200131,earthquakenewstoday.com,http://www.earthquakenewstoday.com/2020/01/31/minor-earthquake-2-8-mag-was-detected-near-guayanilla-in-puerto-rico/,"Minor earthquake, 2.8 mag was detected near Guayanilla in Puerto Rico",Neutral,1
20200131,earthquakenewstoday.com,http://www.earthquakenewstoday.com/2020/01/31/minor-earthquake-3-3-mag-was-detected-near-guayanilla-in-puerto-rico/,"Minor earthquake, 3.3 mag was detected near Guayanilla in Puerto Rico",Neutral,1
20200131,earthquakenewstoday.com,http://www.earthquakenewstoday.com/2020/01/31/minor-earthquake-3-8-mag-0-km-s-of-tallaboa-alta-puerto-rico/,"Minor earthquake 3.8 mag, 0 km S of Tallaboa Alta, Puerto Rico",Neutral,1
20200131,earthquakenewstoday.com,http://www.earthquakenewstoday.com/2020/01/31/minor-earthquake-2-84-mag-4-km-ne-of-yauco-puerto-rico/,"Minor earthquake 2.84 mag, 4 km NE of Yauco, Puerto Rico",Neutral,1
20200131,earthquakenewstoday.com,http://www.earthquakenewstoday.com/2020/01/31/minor-earthquake-3-12-mag-strikes-near-guayanilla-in-puerto-rico/,"Minor earthquake, 3.12 mag strikes near Guayanilla in Puerto Rico",Negative,1
20200131,earthquakenewstoday.com,http://www.earthquakenewstoday.com/2020/01/31/minor-earthquake-m2-8-quake-has-struck-near-magas-arriba-in-puerto-rico/,Minor earthquake: M2.8 quake has struck near Magas Arriba in Puerto Rico,Negative,1
20200131,earthquakenewstoday.com,http://www.earthquakenewstoday.com/2020/01/31/minor-earthquake-2-93-mag-was-detected-near-tallaboa-in-puerto-rico/,"Minor earthquake, 2.93 mag was detected near Tallaboa in Puerto Rico",Neutral,1
20200131,earthquakenewstoday.com,http://www.earthquakenewstoday.com/2020/01/31/minor-earthquake-3-4-mag-7-km-s-of-indios-puerto-rico/,"Minor earthquake 3.4 mag, 7 km S of Indios, Puerto Rico",Neutral,1
20200131,earthquakenewstoday.com,http://www.earthquakenewstoday.com/2020/01/31/minor-earthquake-2-8-mag-0-km-ene-of-yauco-puerto-rico/,"Minor earthquake 2.8 mag, 0 km ENE of Yauco, Puerto Rico",Neutral,1
20200131,earthquakenewstoday.com,http://www.earthquakenewstoday.com/2020/01/31/minor-earthquake-m3-6-quake-has-struck-near-tallaboa-in-puerto-rico/,Minor earthquake: M3.6 quake has struck near Tallaboa in Puerto Rico,Negative,1
20200131,earthquakenewstoday.com,http://www.earthquakenewstoday.com/2020/01/31/minor-earthquake-2-9-mag-10-km-sw-of-guanica-puerto-rico/,"Minor earthquake 2.9 mag, 10 km SW of Guanica, Puerto Rico",Neutral,1
20200131,earthquakenewstoday.com,http://www.earthquakenewstoday.com/2020/01/31/minor-earthquake-3-7-mag-has-occurred-near-puerto-rico-region/,"Minor earthquake, 3.7 mag has occurred near Puerto Rico region",Neutral,1
20200131,earthquakenewstoday.com,http://www.earthquakenewstoday.com/2020/01/31/minor-earthquake-3-07-mag-strikes-near-la-parguera-in-puerto-rico/,"Minor earthquake, 3.07 mag strikes near La Parguera in Puerto Rico",Negative,1
20200131,earthquakenewstoday.com,http://www.earthquakenewstoday.com/2020/01/31/minor-earthquake-2-9-mag-was-detected-near-guanica-in-puerto-rico/,"Minor earthquake, 2.9 mag was detected near Guanica in Puerto Rico",Neutral,1
20200131,earthquakenewstoday.com,http://www.earthquakenewstoday.com/2020/01/31/minor-earthquake-3-4-mag-has-occurred-near-indios-in-puerto-rico/,"Minor earthquake, 3.4 mag has occurred near Indios in Puerto Rico",Neutral,1
20200131,earthquakenewstoday.com,http://www.earthquakenewstoday.com/2020/01/31/minor-earthquake-2-8-mag-8-km-sse-of-indios-puerto-rico/,"Minor earthquake 2.8 mag, 8 km SSE of Indios, Puerto Rico",Neutral,1
20200131,earthquakenewstoday.com,http://www.earthquakenewstoday.com/2020/01/31/minor-earthquake-3-2-mag-9-km-sse-of-guanica-puerto-rico/,"Minor earthquake 3.2 mag, 9 km SSE of Guanica, Puerto Rico",Neutral,1
20200131,earthquakenewstoday.com,http://www.earthquakenewstoday.com/2020/01/31/minor-earthquake-2-98-mag-9-km-sw-of-guanica-puerto-rico/,"Minor earthquake 2.98 mag, 9 km SW of Guanica, Puerto Rico",Neutral,1
20200131,earthquakenewstoday.com,http://www.earthquakenewstoday.com/2020/01/31/minor-earthquake-2-9-mag-4-km-sse-of-guanica-puerto-rico/,"Minor earthquake 2.9 mag, 4 km SSE of Guanica, Puerto Rico",Neutral,1
20200131,earthquakenewstoday.com,http://www.earthquakenewstoday.com/2020/01/31/minor-earthquake-m3-5-quake-has-struck-near-tallaboa-in-puerto-rico/,Minor earthquake: M3.5 quake has struck near Tallaboa in Puerto Rico,Negative,1
20200131,earthquakenewstoday.com,http://www.earthquakenewstoday.com/2020/01/31/minor-earthquake-3-1-mag-3-km-e-of-yauco-puerto-rico/,"Minor earthquake 3.1 mag, 3 km E of Yauco, Puerto Rico",Neutral,1
20200131,earthquakenewstoday.com,http://www.earthquakenewstoday.com/2020/01/31/minor-earthquake-2-95-mag-strikes-near-indios-in-puerto-rico/,"Minor earthquake, 2.95 mag strikes near Indios in Puerto Rico",Negative,1
20200131,theleafchronicle.com,https://www.theleafchronicle.com/story/opinion/columnists/2020/01/31/airbnb-puerto-rico-earthquake-turns-vacation-into-adventure/4556941002/,Earthquake turns Puerto Rico vacation into Airbnb adventure,Positive,0
20200131,earthquakenewstoday.com,http://www.earthquakenewstoday.com/2020/01/31/minor-earthquake-2-9-mag-2-km-ssw-of-magas-arriba-puerto-rico/,"Minor earthquake 2.9 mag, 2 km SSW of Magas Arriba, Puerto Rico",Neutral,1
20200131,earthquakenewstoday.com,http://www.earthquakenewstoday.com/2020/01/31/minor-earthquake-2-8-mag-was-detected-near-tallaboa-in-puerto-rico-2/,"Minor earthquake, 2.8 mag was detected near Tallaboa in Puerto Rico",Neutral,1
20200131,earthquakenewstoday.com,http://www.earthquakenewstoday.com/2020/01/31/minor-earthquake-2-87-mag-18-km-s-of-guanica-puerto-rico/,"Minor earthquake 2.87 mag, 18 km S of Guanica, Puerto Rico",Neutral,1
20200131,earthquakenewstoday.com,http://www.earthquakenewstoday.com/2020/01/30/minor-earthquake-3-21-mag-has-occurred-near-san-antonio-in-puerto-rico-3/,"Minor earthquake, 3.21 mag has occurred near San Antonio in Puerto Rico",Neutral,1
20200131,earthquakenewstoday.com,http://www.earthquakenewstoday.com/2020/01/31/minor-earthquake-m2-91-quake-has-struck-near-aguadilla-in-puerto-rico-2/,Minor earthquake: M2.91 quake has struck near Aguadilla in Puerto Rico,Negative,1
20200201,earthquakenewstoday.com,http://www.earthquakenewstoday.com/2020/02/01/minor-earthquake-3-06-mag-12-km-sw-of-guanica-puerto-rico/,"Minor earthquake 3.06 mag, 12 km SW of Guanica, Puerto Rico",Neutral,1
20200201,earthquakenewstoday.com,http://www.earthquakenewstoday.com/2020/02/01/minor-earthquake-m2-94-quake-has-struck-near-san-antonio-in-puerto-rico-7/,Minor earthquake: M2.94 quake has struck near San Antonio in Puerto Rico,Negative,1
20200201,earthquakenewstoday.com,http://www.earthquakenewstoday.com/2020/02/01/minor-earthquake-3-mag-12-km-sw-of-guanica-puerto-rico/,"Minor earthquake 3 mag, 12 km SW of Guanica, Puerto Rico",Neutral,1
20200201,earthquakenewstoday.com,http://www.earthquakenewstoday.com/2020/02/01/minor-earthquake-2-9-mag-has-occurred-near-maria-antonia-in-puerto-rico/,"Minor earthquake, 2.9 mag has occurred near Maria Antonia in Puerto Rico",Neutral,1
20200201,earthquakenewstoday.com,http://www.earthquakenewstoday.com/2020/01/31/minor-earthquake-3-mag-4-km-se-of-maria-antonia-puerto-rico/,"Minor earthquake 3 mag, 4 km SE of Maria Antonia, Puerto Rico",Neutral,1
20200201,earthquakenewstoday.com,http://www.earthquakenewstoday.com/2020/02/01/minor-earthquake-3-38-mag-1-km-sw-of-tallaboa-puerto-rico/,"Minor earthquake 3.38 mag, 1 km SW of Tallaboa, Puerto Rico",Neutral,1
20200201,earthquakenewstoday.com,http://www.earthquakenewstoday.com/2020/02/01/minor-earthquake-2-88-mag-was-detected-near-la-parguera-in-puerto-rico/,"Minor earthquake, 2.88 mag was detected near La Parguera in Puerto Rico",Neutral,1
20200201,earthquakenewstoday.com,http://www.earthquakenewstoday.com/2020/02/01/minor-earthquake-3-6-mag-3-km-sse-of-guanica-puerto-rico/,"Minor earthquake 3.6 mag, 3 km SSE of Guanica, Puerto Rico",Neutral,1
20200201,earthquakenewstoday.com,http://www.earthquakenewstoday.com/2020/02/01/light-earthquake-4-03-mag-has-occurred-near-guanica-in-puerto-rico/,"Light earthquake, 4.03 mag has occurred near Guanica in Puerto Rico",Neutral,1
20200201,earthquakenewstoday.com,http://www.earthquakenewstoday.com/2020/02/01/minor-earthquake-2-8-mag-has-occurred-near-puerto-rico/,"Minor earthquake, 2.8 mag has occurred near Puerto Rico",Neutral,1
20200201,earthquakenewstoday.com,http://www.earthquakenewstoday.com/2020/02/01/minor-earthquake-m3-06-quake-has-struck-near-guanica-in-puerto-rico/,Minor earthquake: M3.06 quake has struck near Guanica in Puerto Rico,Negative,1
20200201,earthquakenewstoday.com,http://www.earthquakenewstoday.com/2020/02/01/minor-earthquake-3-2-mag-2-km-e-of-magas-arriba-puerto-rico/,"Minor earthquake 3.2 mag, 2 km E of Magas Arriba, Puerto Rico",Neutral,1
20200201,earthquakenewstoday.com,http://www.earthquakenewstoday.com/2020/02/01/minor-earthquake-3-6-mag-1-km-sw-of-yauco-puerto-rico/,"Minor earthquake 3.6 mag, 1 km SW of Yauco, Puerto Rico",Neutral,1
20200201,earthquakenewstoday.com,http://www.earthquakenewstoday.com/2020/02/01/minor-earthquake-3-57-mag-18-km-sse-of-guanica-puerto-rico/,"Minor earthquake 3.57 mag, 18 km SSE of Guanica, Puerto Rico",Neutral,1
20200201,earthquakenewstoday.com,http://www.earthquakenewstoday.com/2020/02/01/minor-earthquake-2-92-mag-4-km-se-of-maria-antonia-puerto-rico/,"Minor earthquake 2.92 mag, 4 km SE of Maria Antonia, Puerto Rico",Neutral,1
20200201,earthquakenewstoday.com,http://www.earthquakenewstoday.com/2020/02/01/minor-earthquake-3-3-mag-has-occurred-near-indios-in-puerto-rico/,"Minor earthquake, 3.3 mag has occurred near Indios in Puerto Rico",Neutral,1
20200201,earthquakenewstoday.com,http://www.earthquakenewstoday.com/2020/02/01/minor-earthquake-2-8-mag-10-km-s-of-indios-puerto-rico/,"Minor earthquake 2.8 mag, 10 km S of Indios, Puerto Rico",Neutral,1
20200201,earthquakenewstoday.com,http://www.earthquakenewstoday.com/2020/02/01/minor-earthquake-3-02-mag-has-occurred-near-guanica-in-puerto-rico/,"Minor earthquake, 3.02 mag has occurred near Guanica in Puerto Rico",Neutral,1
20200201,earthquakenewstoday.com,http://www.earthquakenewstoday.com/2020/02/01/minor-earthquake-2-86-mag-was-detected-near-maria-antonia-in-puerto-rico/,"Minor earthquake, 2.86 mag was detected near Maria Antonia in Puerto Rico",Neutral,1
20200201,earthquakenewstoday.com,http://www.earthquakenewstoday.com/2020/02/01/minor-earthquake-2-84-mag-was-detected-near-guanica-in-puerto-rico/,"Minor earthquake, 2.84 mag was detected near Guanica in Puerto Rico",Neutral,1
20200201,earthquakenewstoday.com,http://www.earthquakenewstoday.com/2020/02/01/minor-earthquake-2-8-mag-7-km-s-of-indios-puerto-rico/,"Minor earthquake 2.8 mag, 7 km S of Indios, Puerto Rico",Neutral,1
20200202,earthquakenewstoday.com,http://www.earthquakenewstoday.com/2020/02/02/minor-earthquake-3-5-mag-was-detected-near-guanica-in-puerto-rico/,"Minor earthquake, 3.5 mag was detected near Guanica in Puerto Rico",Neutral,1
20200202,earthquakenewstoday.com,http://www.earthquakenewstoday.com/2020/02/02/minor-earthquake-3-06-mag-was-detected-near-la-parguera-in-puerto-rico/,"Minor earthquake, 3.06 mag was detected near La Parguera in Puerto Rico",Neutral,1
20200202,earthquakenewstoday.com,http://www.earthquakenewstoday.com/2020/02/02/minor-earthquake-3-12-mag-3-km-nnw-of-la-parguera-puerto-rico/,"Minor earthquake 3.12 mag, 3 km NNW of La Parguera, Puerto Rico",Neutral,1
20200202,earthquakenewstoday.com,http://www.earthquakenewstoday.com/2020/02/02/minor-earthquake-3-68-mag-strikes-near-guayanilla-in-puerto-rico/,"Minor earthquake, 3.68 mag strikes near Guayanilla in Puerto Rico",Negative,1
20200202,earthquakenewstoday.com,http://www.earthquakenewstoday.com/2020/02/02/light-earthquake-m4-4-quake-has-struck-near-san-antonio-in-puerto-rico/,Light earthquake: M4.4 quake has struck near San Antonio in Puerto Rico,Negative,1
20200202,earthquakenewstoday.com,http://www.earthquakenewstoday.com/2020/02/02/minor-earthquake-m3-49-quake-has-struck-near-la-parguera-in-puerto-rico/,Minor earthquake: M3.49 quake has struck near La Parguera in Puerto Rico,Negative,1
20200202,earthquakenewstoday.com,http://www.earthquakenewstoday.com/2020/02/02/minor-earthquake-m3-34-quake-has-struck-near-san-antonio-in-puerto-rico/,Minor earthquake: M3.34 quake has struck near San Antonio in Puerto Rico,Negative,1
20200202,earthquakenewstoday.com,http://www.earthquakenewstoday.com/2020/02/02/minor-earthquake-3-4-mag-1-km-ssw-of-magas-arriba-puerto-rico/,"Minor earthquake 3.4 mag, 1 km SSW of Magas Arriba, Puerto Rico",Neutral,1
20200202,earthquakenewstoday.com,http://www.earthquakenewstoday.com/2020/02/01/minor-earthquake-m2-8-quake-has-struck-near-lajas-in-puerto-rico/,Minor earthquake: M2.8 quake has struck near Lajas in Puerto Rico,Negative,1
20200202,earthquakenewstoday.com,http://www.earthquakenewstoday.com/2020/02/02/minor-earthquake-3-2-mag-1-km-ene-of-guayanilla-puerto-rico/,"Minor earthquake 3.2 mag, 1 km ENE of Guayanilla, Puerto Rico",Neutral,1
20200202,earthquakenewstoday.com,http://www.earthquakenewstoday.com/2020/02/02/light-earthquake-4-mag-has-occurred-near-rincon-in-puerto-rico/,"Light earthquake, 4 mag has occurred near Rincon in Puerto Rico",Neutral,1
20200202,earthquakenewstoday.com,http://www.earthquakenewstoday.com/2020/02/02/minor-earthquake-3-1-mag-has-occurred-near-tallaboa-in-puerto-rico/,"Minor earthquake, 3.1 mag has occurred near Tallaboa in Puerto Rico",Neutral,1
20200202,earthquakenewstoday.com,http://www.earthquakenewstoday.com/2020/02/02/minor-earthquake-m3-5-quake-has-struck-near-guayanilla-in-puerto-rico/,Minor earthquake: M3.5 quake has struck near Guayanilla in Puerto Rico,Negative,1
20200202,earthquakenewstoday.com,http://www.earthquakenewstoday.com/2020/02/02/minor-earthquake-3-03-mag-was-detected-near-guanica-in-puerto-rico/,"Minor earthquake, 3.03 mag was detected near Guanica in Puerto Rico",Neutral,1
20200202,earthquakenewstoday.com,http://www.earthquakenewstoday.com/2020/02/01/minor-earthquake-m2-99-quake-has-struck-near-san-antonio-in-puerto-rico-5/,Minor earthquake: M2.99 quake has struck near San Antonio in Puerto Rico,Negative,1
20200202,earthquakenewstoday.com,http://www.earthquakenewstoday.com/2020/02/02/minor-earthquake-3-25-mag-was-detected-near-guanica-in-puerto-rico/,"Minor earthquake, 3.25 mag was detected near Guanica in Puerto Rico",Neutral,1
20200202,earthquakenewstoday.com,http://www.earthquakenewstoday.com/2020/02/02/minor-earthquake-3-2-mag-2-km-ssw-of-guanica-puerto-rico/,"Minor earthquake 3.2 mag, 2 km SSW of Guanica, Puerto Rico",Neutral,1
20200202,earthquakenewstoday.com,http://www.earthquakenewstoday.com/2020/02/02/minor-earthquake-3-3-mag-12-km-s-of-indios-puerto-rico/,"Minor earthquake 3.3 mag, 12 km S of Indios, Puerto Rico",Neutral,1
20200202,nbcmiami.com,https://www.nbcmiami.com/news/local/4-5-magnitude-earthquake-reported-near-puerto-rico/2185181/,4.5 Magnitude Earthquake Reported Near Puerto Rico,Neutral,1
20200202,earthquakenewstoday.com,http://www.earthquakenewstoday.com/2020/02/02/minor-earthquake-m3-8-quake-has-struck-near-penuelas-in-puerto-rico/,Minor earthquake: M3.8 quake has struck near Penuelas in Puerto Rico,Negative,1
20200202,earthquakenewstoday.com,http://www.earthquakenewstoday.com/2020/02/02/minor-earthquake-3-07-mag-strikes-near-indios-in-puerto-rico/,"Minor earthquake, 3.07 mag strikes near Indios in Puerto Rico",Negative,1
20200202,earthquakenewstoday.com,http://www.earthquakenewstoday.com/2020/02/02/light-earthquake-4-1-mag-72-km-nw-of-san-antonio-puerto-rico/,"Light earthquake 4.1 mag, 72 km NW of San Antonio, Puerto Rico",Neutral,1
20200202,earthquakenewstoday.com,http://www.earthquakenewstoday.com/2020/02/02/minor-earthquake-3-6-mag-has-occurred-near-la-parguera-in-puerto-rico/,"Minor earthquake, 3.6 mag has occurred near La Parguera in Puerto Rico",Neutral,1
20200202,earthquakenewstoday.com,http://www.earthquakenewstoday.com/2020/02/02/minor-earthquake-3-17-mag-has-occurred-near-tallaboa-in-puerto-rico/,"Minor earthquake, 3.17 mag has occurred near Tallaboa in Puerto Rico",Neutral,1
20200202,earthquakenewstoday.com,http://www.earthquakenewstoday.com/2020/02/02/minor-earthquake-3-1-mag-84-km-nw-of-san-antonio-puerto-rico/,"Minor earthquake 3.1 mag, 84 km NW of San Antonio, Puerto Rico",Neutral,1
20200202,earthquakenewstoday.com,http://www.earthquakenewstoday.com/2020/02/02/light-earthquake-4-2-mag-has-occurred-near-san-antonio-in-puerto-rico/,"Light earthquake, 4.2 mag has occurred near San Antonio in Puerto Rico",Neutral,1
20200202,earthquakenewstoday.com,http://www.earthquakenewstoday.com/2020/02/02/light-earthquake-4-mag-has-occurred-near-guayanilla-in-puerto-rico/,"Light earthquake, 4 mag has occurred near Guayanilla in Puerto Rico",Neutral,1
20200202,earthquakenewstoday.com,http://www.earthquakenewstoday.com/2020/02/02/minor-earthquake-3-86-mag-76-km-nw-of-san-antonio-puerto-rico/,"Minor earthquake 3.86 mag, 76 km NW of San Antonio, Puerto Rico",Neutral,1
20200202,earthquakenewstoday.com,http://www.earthquakenewstoday.com/2020/02/02/minor-earthquake-3-2-mag-was-detected-near-magas-arriba-in-puerto-rico/,"Minor earthquake, 3.2 mag was detected near Magas Arriba in Puerto Rico",Neutral,1
20200202,earthquakenewstoday.com,http://www.earthquakenewstoday.com/2020/02/02/minor-earthquake-2-8-mag-2-km-e-of-maria-antonia-puerto-rico/,"Minor earthquake 2.8 mag, 2 km E of Maria Antonia, Puerto Rico",Neutral,1
20200202,earthquakenewstoday.com,http://www.earthquakenewstoday.com/2020/02/02/light-earthquake-4-5-mag-was-detected-near-san-antonio-in-puerto-rico-4/,"Light earthquake, 4.5 mag was detected near San Antonio in Puerto Rico",Neutral,1
20200202,earthquakenewstoday.com,http://www.earthquakenewstoday.com/2020/02/02/minor-earthquake-m3-17-quake-has-struck-near-san-antonio-in-puerto-rico-3/,Minor earthquake: M3.17 quake has struck near San Antonio in Puerto Rico,Negative,1
20200202,earthquakenewstoday.com,http://www.earthquakenewstoday.com/2020/02/02/minor-earthquake-m2-9-quake-has-struck-near-maria-antonia-in-puerto-rico-2/,Minor earthquake: M2.9 quake has struck near Maria Antonia in Puerto Rico,Negative,1
20200202,earthquakenewstoday.com,http://www.earthquakenewstoday.com/2020/02/02/minor-earthquake-m3-quake-has-struck-near-san-antonio-in-puerto-rico-11/,Minor earthquake: M3 quake has struck near San Antonio in Puerto Rico,Negative,1
20200202,earthquakenewstoday.com,http://www.earthquakenewstoday.com/2020/02/02/minor-earthquake-3-05-mag-was-detected-near-ponce-in-puerto-rico/,"Minor earthquake, 3.05 mag was detected near Ponce in Puerto Rico",Neutral,1
20200202,earthquakenewstoday.com,http://www.earthquakenewstoday.com/2020/02/02/minor-earthquake-3-1-mag-9-km-s-of-guanica-puerto-rico/,"Minor earthquake 3.1 mag, 9 km S of Guanica, Puerto Rico",Neutral,1
20200202,earthquakenewstoday.com,http://www.earthquakenewstoday.com/2020/02/02/light-earthquake-m4-5-quake-has-struck-near-rincon-in-puerto-rico/,Light earthquake: M4.5 quake has struck near Rincon in Puerto Rico,Negative,1
20200202,earthquakenewstoday.com,http://www.earthquakenewstoday.com/2020/02/02/minor-earthquake-3-5-mag-strikes-near-magas-arriba-in-puerto-rico/,"Minor earthquake, 3.5 mag strikes near Magas Arriba in Puerto Rico",Negative,1
20200202,earthquakenewstoday.com,http://www.earthquakenewstoday.com/2020/02/01/minor-earthquake-3-1-mag-has-occurred-near-penuelas-in-puerto-rico/,"Minor earthquake, 3.1 mag has occurred near Penuelas in Puerto Rico",Neutral,1
20200202,earthquakenewstoday.com,http://www.earthquakenewstoday.com/2020/02/02/minor-earthquake-3-4-mag-72-km-nw-of-san-antonio-puerto-rico/,"Minor earthquake 3.4 mag, 72 km NW of San Antonio, Puerto Rico",Neutral,1
20200202,earthquakenewstoday.com,http://www.earthquakenewstoday.com/2020/02/02/minor-earthquake-3-6-mag-strikes-near-san-antonio-in-puerto-rico/,"Minor earthquake, 3.6 mag strikes near San Antonio in Puerto Rico",Negative,1
20200202,earthquakenewstoday.com,http://www.earthquakenewstoday.com/2020/02/02/minor-earthquake-m3-6-quake-has-struck-near-san-antonio-in-puerto-rico/,Minor earthquake: M3.6 quake has struck near San Antonio in Puerto Rico,Negative,1
20200202,earthquakenewstoday.com,http://www.earthquakenewstoday.com/2020/02/02/minor-earthquake-3-7-mag-was-detected-near-magas-arriba-in-puerto-rico/,"Minor earthquake, 3.7 mag was detected near Magas Arriba in Puerto Rico",Neutral,1
20200202,earthquakenewstoday.com,http://www.earthquakenewstoday.com/2020/02/02/minor-earthquake-3-mag-was-detected-near-guayanilla-in-puerto-rico/,"Minor earthquake, 3 mag was detected near Guayanilla in Puerto Rico",Neutral,1
20200202,earthquakenewstoday.com,http://www.earthquakenewstoday.com/2020/02/02/light-earthquake-4-4-mag-strikes-near-san-antonio-in-puerto-rico-2/,"Light earthquake, 4.4 mag strikes near San Antonio in Puerto Rico",Negative,1
20200202,earthquakenewstoday.com,http://www.earthquakenewstoday.com/2020/02/02/light-earthquake-4-5-mag-strikes-near-puerto-rico-region/,"Light earthquake, 4.5 mag strikes near Puerto Rico region",Negative,1
20200202,earthquakenewstoday.com,http://www.earthquakenewstoday.com/2020/02/02/minor-earthquake-3-mag-7-km-ssw-of-indios-puerto-rico/,"Minor earthquake 3 mag, 7 km SSW of Indios, Puerto Rico",Neutral,1
20200202,earthquakenewstoday.com,http://www.earthquakenewstoday.com/2020/02/02/minor-earthquake-3-7-mag-2-km-w-of-tallaboa-puerto-rico/,"Minor earthquake 3.7 mag, 2 km W of Tallaboa, Puerto Rico",Neutral,1
20200202,earthquakenewstoday.com,http://www.earthquakenewstoday.com/2020/02/02/minor-earthquake-3-1-mag-strikes-near-la-parguera-in-puerto-rico/,"Minor earthquake, 3.1 mag strikes near La Parguera in Puerto Rico",Negative,1
20200202,earthquakenewstoday.com,http://www.earthquakenewstoday.com/2020/02/02/minor-earthquake-3-6-mag-1-km-nne-of-magas-arriba-puerto-rico/,"Minor earthquake 3.6 mag, 1 km NNE of Magas Arriba, Puerto Rico",Neutral,1
20200202,earthquakenewstoday.com,http://www.earthquakenewstoday.com/2020/02/02/minor-earthquake-3-05-mag-strikes-near-magas-arriba-in-puerto-rico/,"Minor earthquake, 3.05 mag strikes near Magas Arriba in Puerto Rico",Negative,1
20200202,earthquakenewstoday.com,http://www.earthquakenewstoday.com/2020/02/02/minor-earthquake-3-1-mag-has-occurred-near-san-antonio-in-puerto-rico-10/,"Minor earthquake, 3.1 mag has occurred near San Antonio in Puerto Rico",Neutral,1
20200202,earthquakenewstoday.com,http://www.earthquakenewstoday.com/2020/02/01/minor-earthquake-2-88-mag-has-occurred-near-san-antonio-in-puerto-rico-6/,"Minor earthquake, 2.88 mag has occurred near San Antonio in Puerto Rico",Neutral,1
20200202,earthquakenewstoday.com,http://www.earthquakenewstoday.com/2020/02/02/minor-earthquake-3-4-mag-has-occurred-near-san-juan-in-puerto-rico-5/,"Minor earthquake, 3.4 mag has occurred near San Juan in Puerto Rico",Neutral,1
20200202,earthquakenewstoday.com,http://www.earthquakenewstoday.com/2020/02/02/light-earthquake-4-5-mag-strikes-near-rincon-in-puerto-rico/,"Light earthquake, 4.5 mag strikes near Rincon in Puerto Rico",Negative,1
20200202,earthquakenewstoday.com,http://www.earthquakenewstoday.com/2020/02/02/minor-earthquake-m3-9-quake-has-struck-near-san-antonio-in-puerto-rico/,Minor earthquake: M3.9 quake has struck near San Antonio in Puerto Rico,Negative,1
20200202,earthquakenewstoday.com,http://www.earthquakenewstoday.com/2020/02/02/minor-earthquake-3-mag-strikes-near-maria-antonia-in-puerto-rico/,"Minor earthquake, 3 mag strikes near Maria Antonia in Puerto Rico",Negative,1
20200203,14news.com,https://www.14news.com/2020/02/03/earthquake-disaster-relief-underway-puerto-rico/,American Red Cross of Indiana helps with earthquake disaster relief in Puerto Rico,Positive,1
20200203,earthquakenewstoday.com,http://www.earthquakenewstoday.com/2020/02/03/minor-earthquake-2-89-mag-2-km-se-of-guanica-puerto-rico/,"Minor earthquake 2.89 mag, 2 km SE of Guanica, Puerto Rico",Neutral,1
20200203,nbcnewyork.com,https://www.nbcnewyork.com/news/local/new-york-deploys-aid-team-to-puerto-rico-earthquake-areas/2275768/,New York Deploys Aid Team to Puerto Rico Earthquake Areas,Neutral,1
20200203,earthquakenewstoday.com,http://www.earthquakenewstoday.com/2020/02/03/minor-earthquake-3-05-mag-16-km-sse-of-guanica-puerto-rico/,"Minor earthquake 3.05 mag, 16 km SSE of Guanica, Puerto Rico",Neutral,1
20200203,earthquakenewstoday.com,http://www.earthquakenewstoday.com/2020/02/03/minor-earthquake-3-06-mag-has-occurred-near-tallaboa-in-puerto-rico/,"Minor earthquake, 3.06 mag has occurred near Tallaboa in Puerto Rico",Neutral,1
20200203,earthquakenewstoday.com,http://www.earthquakenewstoday.com/2020/02/03/minor-earthquake-m2-9-quake-has-struck-near-yauco-in-puerto-rico/,Minor earthquake: M2.9 quake has struck near Yauco in Puerto Rico,Negative,1
20200203,earthquakenewstoday.com,http://www.earthquakenewstoday.com/2020/02/03/minor-earthquake-2-87-mag-strikes-near-la-parguera-in-puerto-rico/,"Minor earthquake, 2.87 mag strikes near La Parguera in Puerto Rico",Negative,1
20200203,earthquakenewstoday.com,http://www.earthquakenewstoday.com/2020/02/03/minor-earthquake-3-01-mag-0-km-s-of-guayanilla-puerto-rico/,"Minor earthquake 3.01 mag, 0 km S of Guayanilla, Puerto Rico",Neutral,1
20200203,earthquakenewstoday.com,http://www.earthquakenewstoday.com/2020/02/03/minor-earthquake-2-84-mag-2-km-wnw-of-guayanilla-puerto-rico/,"Minor earthquake 2.84 mag, 2 km WNW of Guayanilla, Puerto Rico",Neutral,1
20200203,earthquakenewstoday.com,http://www.earthquakenewstoday.com/2020/02/03/minor-earthquake-3-08-mag-was-detected-near-san-antonio-in-puerto-rico-3/,"Minor earthquake, 3.08 mag was detected near San Antonio in Puerto Rico",Neutral,1
20200203,earthquakenewstoday.com,http://www.earthquakenewstoday.com/2020/02/03/minor-earthquake-2-95-mag-strikes-near-tallaboa-in-puerto-rico/,"Minor earthquake, 2.95 mag strikes near Tallaboa in Puerto Rico",Negative,1
20200203,earthquakenewstoday.com,http://www.earthquakenewstoday.com/2020/02/03/light-earthquake-4-mag-15-km-sse-of-guanica-puerto-rico/,"Light earthquake 4 mag, 15 km SSE of Guanica, Puerto Rico",Neutral,1
20200203,wgrz.com,https://www.wgrz.com/article/news/new-york-state-deploys-aid-team-to-puerto-rico-earthquake-areas/71-1f9e2443-0696-4a69-88dd-dbe8e6b351f3,New York State deploys aid team to Puerto Rico earthquake areas,Neutral,1
20200203,northcountrypublicradio.org,https://www.northcountrypublicradio.org/news/story/40510/20200203/new-york-deploys-aid-team-to-puerto-rico-earthquake-areas,New York deploys aid team to Puerto Rico earthquake areas,Neutral,1
20200203,earthquakenewstoday.com,http://www.earthquakenewstoday.com/2020/02/03/minor-earthquake-3-25-mag-2-km-nw-of-la-parguera-puerto-rico/,"Minor earthquake 3.25 mag, 2 km NW of La Parguera, Puerto Rico",Neutral,1
20200203,earthquakenewstoday.com,http://www.earthquakenewstoday.com/2020/02/03/minor-earthquake-3-12-mag-has-occurred-near-indios-in-puerto-rico/,"Minor earthquake, 3.12 mag has occurred near Indios in Puerto Rico",Neutral,1
20200203,earthquakenewstoday.com,http://www.earthquakenewstoday.com/2020/02/03/minor-earthquake-2-84-mag-was-detected-near-indios-in-puerto-rico/,"Minor earthquake, 2.84 mag was detected near Indios in Puerto Rico",Neutral,1
20200203,earthquakenewstoday.com,http://www.earthquakenewstoday.com/2020/02/03/minor-earthquake-3-22-mag-has-occurred-near-maria-antonia-in-puerto-rico/,"Minor earthquake, 3.22 mag has occurred near Maria Antonia in Puerto Rico",Neutral,1
20200203,earthquakenewstoday.com,http://www.earthquakenewstoday.com/2020/02/03/minor-earthquake-2-89-mag-puerto-rico-region/,"Minor earthquake 2.89 mag, Puerto Rico region",Neutral,1
20200203,earthquakenewstoday.com,http://www.earthquakenewstoday.com/2020/02/03/minor-earthquake-3-04-mag-strikes-near-aguadilla-in-puerto-rico/,"Minor earthquake, 3.04 mag strikes near Aguadilla in Puerto Rico",Negative,1
20200203,earthquakenewstoday.com,http://www.earthquakenewstoday.com/2020/02/03/minor-earthquake-3-4-mag-strikes-near-tallaboa-in-puerto-rico/,"Minor earthquake, 3.4 mag strikes near Tallaboa in Puerto Rico",Negative,1
20200203,earthquakenewstoday.com,http://www.earthquakenewstoday.com/2020/02/03/minor-earthquake-3-7-mag-strikes-near-tallaboa-in-puerto-rico/,"Minor earthquake, 3.7 mag strikes near Tallaboa in Puerto Rico",Negative,1
20200203,earthquakenewstoday.com,http://www.earthquakenewstoday.com/2020/02/03/minor-earthquake-m3-21-quake-has-struck-near-indios-in-puerto-rico/,Minor earthquake: M3.21 quake has struck near Indios in Puerto Rico,Negative,1
20200203,earthquakenewstoday.com,http://www.earthquakenewstoday.com/2020/02/03/minor-earthquake-2-9-mag-9-km-sse-of-tallaboa-puerto-rico/,"Minor earthquake 2.9 mag, 9 km SSE of Tallaboa, Puerto Rico",Neutral,1
20200203,csrwire.com,https://www.csrwire.com/press_releases/43534-Wells-Fargo-Foundation-Donates-100-000-to-Earthquake-Relief-Efforts-in-Puerto-Rico,"Wells Fargo Foundation Donates $100,000 to Earthquake Relief Efforts in Puerto Rico",Positive,1
20200203,earthquakenewstoday.com,http://www.earthquakenewstoday.com/2020/02/03/minor-earthquake-3-76-mag-was-detected-near-guanica-in-puerto-rico/,"Minor earthquake, 3.76 mag was detected near Guanica in Puerto Rico",Neutral,1
20200204,6abc.com,https://6abc.com/6abc.com/radiothon-helps-raise-funds-for-puerto-rico-earthquake-victims/5901012/,Philadelphia grassroots effort helps raise funds for Puerto Rico earthquake victims,Positive,1
20200204,kyma.com,https://kyma.com/news/top-stories/2020/02/04/puerto-rico-earthquake-5-0-magnitude/,Puerto Rico earthquake: 5.0 magnitude,Neutral,1
20200204,earthquakenewstoday.com,http://www.earthquakenewstoday.com/2020/02/04/minor-earthquake-3-11-mag-strikes-near-tallaboa-in-puerto-rico/,"Minor earthquake, 3.11 mag strikes near Tallaboa in Puerto Rico",Negative,1
20200204,fox61.com,https://fox61.com/2020/02/04/another-earthquake-hits-puerto-rico-this-one-was-a-5-0/,Another earthquake hits Puerto Rico. This one was a 5.0,Neutral,1
20200204,wsvn.com,https://wsvn.com/news/us-world/5-0-magnitude-earthquake-strikes-off-coast-of-puerto-rico/,Damage reported after 5.0 quake strikes near Puerto Rico - WSVN 7News,Negative,1
20200204,nydailynews.com,http://www.nydailynews.com/news/world/ny-puerto-rico-earthquake-island-hit-by-another-tremor-20200204-zy7ppz2hrnh37kdgzfju2ksh6y-story.html,5.0-magnitude earthquake strikes off coast of Puerto Rico,Negative,1
20200204,earthquakenewstoday.com,http://www.earthquakenewstoday.com/2020/02/04/minor-earthquake-3-6-mag-6-km-ssw-of-guanica-puerto-rico/,"Minor earthquake 3.6 mag, 6 km SSW of Guanica, Puerto Rico",Neutral,1
20200204,earthquakenewstoday.com,http://www.earthquakenewstoday.com/2020/02/04/minor-earthquake-3-96-mag-has-occurred-near-guanica-in-puerto-rico/,"Minor earthquake, 3.96 mag has occurred near Guanica in Puerto Rico",Neutral,1
20200204,earthquakenewstoday.com,http://www.earthquakenewstoday.com/2020/02/04/moderate-earthquake-5-mag-strikes-near-guanica-in-puerto-rico/,"Moderate earthquake, 5 mag strikes near Guanica in Puerto Rico",Negative,1
20200204,cnn.com,https://www.cnn.com/2020/02/04/us/puerto-rico-earthquake/,Magnitude 5 earthquake rattles Puerto Rico,Neutral,1
20200204,earthquakenewstoday.com,http://www.earthquakenewstoday.com/2020/02/04/minor-earthquake-2-88-mag-has-occurred-near-maria-antonia-in-puerto-rico/,"Minor earthquake, 2.88 mag has occurred near Maria Antonia in Puerto Rico",Neutral,1
20200204,earthquakenewstoday.com,http://www.earthquakenewstoday.com/2020/02/04/minor-earthquake-2-92-mag-was-detected-near-tallaboa-in-puerto-rico/,"Minor earthquake, 2.92 mag was detected near Tallaboa in Puerto Rico",Neutral,1
20200204,earthquakenewstoday.com,http://www.earthquakenewstoday.com/2020/02/04/minor-earthquake-m2-89-quake-has-struck-near-guanica-in-puerto-rico/,Minor earthquake: M2.89 quake has struck near Guanica in Puerto Rico,Negative,1
20200204,wdkx.com,https://www.wdkx.com/rochester-volunteers-deliver-items-to-earthquake-victims-in-puerto-rico/,Rochester volunteers deliver items to earthquake victims in Puerto Rico – 103.9 WDKX,Negative,1
20200204,earthquakenewstoday.com,http://www.earthquakenewstoday.com/2020/02/04/minor-earthquake-2-8-mag-20-km-sse-of-guanica-puerto-rico/,"Minor earthquake 2.8 mag, 20 km SSE of Guanica, Puerto Rico",Neutral,1
20200204,tcpalm.com,https://www.tcpalm.com/story/news/nation/2020/02/04/puerto-rico-earthquake-5-0-quake-near-guanica-usgs-says/4654287002/,5.0 earthquake strikes near Puerto Rico,Negative,1
20200204,earthquakenewstoday.com,http://www.earthquakenewstoday.com/2020/02/04/minor-earthquake-3-57-mag-strikes-near-guanica-in-puerto-rico/,"Minor earthquake, 3.57 mag strikes near Guanica in Puerto Rico",Negative,1
20200204,earthquakenewstoday.com,http://www.earthquakenewstoday.com/2020/02/04/minor-earthquake-3-08-mag-strikes-near-guanica-in-puerto-rico/,"Minor earthquake, 3.08 mag strikes near Guanica in Puerto Rico",Negative,1
20200204,whio.com,https://www.whio.com/news/national/earthquake-shakes-puerto-rico/s58SRsvxv2t3llHfXWLdnL/,5.0 earthquake shakes Puerto Rico,Neutral,1
20200204,earthquakenewstoday.com,http://www.earthquakenewstoday.com/2020/02/04/minor-earthquake-m2-8-quake-has-struck-near-puerto-rico-region-2/,Minor earthquake: M2.8 quake has struck near Puerto Rico region,Negative,1
20200204,earthquakenewstoday.com,http://www.earthquakenewstoday.com/2020/02/04/minor-earthquake-3-4-mag-was-detected-near-santo-domingo-in-puerto-rico/,"Minor earthquake, 3.4 mag was detected near Santo Domingo in Puerto Rico",Neutral,1
20200204,upi.com,https://www.upi.com/Top_News/US/2020/02/04/Magnitude-5-earthquake-rattles-Puerto-Rico/6821580849051/,Magnitude-5 earthquake rattles Puerto Rico,Neutral,1
20200204,earthquakenewstoday.com,http://www.earthquakenewstoday.com/2020/02/04/minor-earthquake-2-96-mag-9-km-s-of-guanica-puerto-rico/,"Minor earthquake 2.96 mag, 9 km S of Guanica, Puerto Rico",Neutral,1
20200204,earthquakenewstoday.com,http://www.earthquakenewstoday.com/2020/02/04/minor-earthquake-3-04-mag-has-occurred-near-guanica-in-puerto-rico/,"Minor earthquake, 3.04 mag has occurred near Guanica in Puerto Rico",Neutral,1
20200204,earthquakenewstoday.com,http://www.earthquakenewstoday.com/2020/02/04/moderate-earthquake-5-3-mag-was-detected-near-indios-in-puerto-rico/,"Moderate earthquake, 5.3 mag was detected near Indios in Puerto Rico",Neutral,1
20200204,earthquakenewstoday.com,http://www.earthquakenewstoday.com/2020/02/04/minor-earthquake-3-23-mag-strikes-near-la-parguera-in-puerto-rico/,"Minor earthquake, 3.23 mag strikes near La Parguera in Puerto Rico",Negative,1
20200204,earthquakenewstoday.com,http://www.earthquakenewstoday.com/2020/02/04/minor-earthquake-3-64-mag-27-km-sse-of-guanica-puerto-rico/,"Minor earthquake 3.64 mag, 27 km SSE of Guanica, Puerto Rico",Neutral,1
20200204,earthquakenewstoday.com,http://www.earthquakenewstoday.com/2020/02/04/minor-earthquake-3-07-mag-was-detected-near-indios-in-puerto-rico/,"Minor earthquake, 3.07 mag was detected near Indios in Puerto Rico",Neutral,1
20200204,earthquakenewstoday.com,http://www.earthquakenewstoday.com/2020/02/04/minor-earthquake-2-88-mag-16-km-sse-of-guanica-puerto-rico/,"Minor earthquake 2.88 mag, 16 km SSE of Guanica, Puerto Rico",Neutral,1
20200204,nbcmiami.com,https://www.nbcmiami.com/news/local/reported-5-0-earthquake-felt-off-sw-coast-of-puerto-rico/2186241/,Reported 5.0 Earthquake Felt Off SW Coast of Puerto Rico,Neutral,1
20200204,earthquakenewstoday.com,http://www.earthquakenewstoday.com/2020/02/04/minor-earthquake-2-9-mag-has-occurred-near-magas-arriba-in-puerto-rico/,"Minor earthquake, 2.9 mag has occurred near Magas Arriba in Puerto Rico",Neutral,1
20200205,earthquakenewstoday.com,http://www.earthquakenewstoday.com/2020/02/05/minor-earthquake-3-mag-5-km-s-of-indios-puerto-rico/,"Minor earthquake 3 mag, 5 km S of Indios, Puerto Rico",Neutral,1
20200205,earthquakenewstoday.com,http://www.earthquakenewstoday.com/2020/02/05/minor-earthquake-3-1-mag-has-occurred-near-isabela-in-puerto-rico-5/,"Minor earthquake, 3.1 mag has occurred near Isabela in Puerto Rico",Neutral,1
20200205,wtsp.com,https://www.wtsp.com/article/news/nation-world/tampa-woman-puerto-rico-earthquake-supplies/67-1e1dc34a-395d-4d5f-b0be-977c46603d87,Tampa woman caught in latest Puerto Rico earthquake while delivering supplies,Neutral,0
20200205,earthquakenewstoday.com,http://www.earthquakenewstoday.com/2020/02/05/minor-earthquake-2-92-mag-was-detected-near-ponce-in-puerto-rico/,"Minor earthquake, 2.92 mag was detected near Ponce in Puerto Rico",Neutral,1
20200205,earthquakenewstoday.com,http://www.earthquakenewstoday.com/2020/02/05/minor-earthquake-2-8-mag-strikes-near-indios-in-puerto-rico/,"Minor earthquake, 2.8 mag strikes near Indios in Puerto Rico",Negative,1
20200205,earthquakenewstoday.com,http://www.earthquakenewstoday.com/2020/02/05/minor-earthquake-m3-19-quake-has-struck-near-isabela-in-puerto-rico-3/,Minor earthquake: M3.19 quake has struck near Isabela in Puerto Rico,Negative,1
20200205,earthquakenewstoday.com,http://www.earthquakenewstoday.com/2020/02/05/minor-earthquake-3-15-mag-was-detected-near-magas-arriba-in-puerto-rico/,"Minor earthquake, 3.15 mag was detected near Magas Arriba in Puerto Rico",Neutral,1
20200205,earthquakenewstoday.com,http://www.earthquakenewstoday.com/2020/02/05/minor-earthquake-2-85-mag-6-km-se-of-guanica-puerto-rico/,"Minor earthquake 2.85 mag, 6 km SE of Guanica, Puerto Rico",Neutral,1
20200205,earthquakenewstoday.com,http://www.earthquakenewstoday.com/2020/02/05/minor-earthquake-2-98-mag-has-occurred-near-guanica-in-puerto-rico/,"Minor earthquake, 2.98 mag has occurred near Guanica in Puerto Rico",Neutral,1
20200205,earthquakenewstoday.com,http://www.earthquakenewstoday.com/2020/02/05/minor-earthquake-3-mag-4-km-wsw-of-tallaboa-puerto-rico/,"Minor earthquake 3 mag, 4 km WSW of Tallaboa, Puerto Rico",Neutral,1
20200205,earthquakenewstoday.com,http://www.earthquakenewstoday.com/2020/02/05/minor-earthquake-2-99-mag-14-km-sse-of-guanica-puerto-rico/,"Minor earthquake 2.99 mag, 14 km SSE of Guanica, Puerto Rico",Neutral,1
20200205,earthquakenewstoday.com,http://www.earthquakenewstoday.com/2020/02/05/minor-earthquake-3-6-mag-has-occurred-near-tallaboa-in-puerto-rico/,"Minor earthquake, 3.6 mag has occurred near Tallaboa in Puerto Rico",Neutral,1
20200205,earthquakenewstoday.com,http://www.earthquakenewstoday.com/2020/02/05/minor-earthquake-3-11-mag-was-detected-near-guanica-in-puerto-rico/,"Minor earthquake, 3.11 mag was detected near Guanica in Puerto Rico",Neutral,1
20200205,earthquakenewstoday.com,http://www.earthquakenewstoday.com/2020/02/05/minor-earthquake-m2-94-quake-has-struck-near-palomas-in-puerto-rico/,Minor earthquake: M2.94 quake has struck near Palomas in Puerto Rico,Negative,1
20200205,earthquakenewstoday.com,http://www.earthquakenewstoday.com/2020/02/05/minor-earthquake-3-08-mag-was-detected-near-guanica-in-puerto-rico/,"Minor earthquake, 3.08 mag was detected near Guanica in Puerto Rico",Neutral,1
20200205,earthquakenewstoday.com,http://www.earthquakenewstoday.com/2020/02/04/minor-earthquake-2-8-mag-7-km-se-of-indios-puerto-rico/,"Minor earthquake 2.8 mag, 7 km SE of Indios, Puerto Rico",Neutral,1
20200205,earthquakenewstoday.com,http://www.earthquakenewstoday.com/2020/02/05/minor-earthquake-m3-04-quake-has-struck-near-aguadilla-in-puerto-rico/,Minor earthquake: M3.04 quake has struck near Aguadilla in Puerto Rico,Negative,1
20200205,earthquakenewstoday.com,http://www.earthquakenewstoday.com/2020/02/05/minor-earthquake-2-81-mag-79-km-nnw-of-san-antonio-puerto-rico/,"Minor earthquake 2.81 mag, 79 km NNW of San Antonio, Puerto Rico",Neutral,1
20200205,earthquakenewstoday.com,http://www.earthquakenewstoday.com/2020/02/05/minor-earthquake-3-mag-5-km-sw-of-guanica-puerto-rico/,"Minor earthquake 3 mag, 5 km SW of Guanica, Puerto Rico",Neutral,1
20200205,washingtonpost.com,https://www.washingtonpost.com/us-policy/2020/02/05/white-house-threatens-veto-puerto-rico-earthquake-aid-package-ahead-house-vote/,White House threatens to veto Puerto Rico earthquake aid package ahead of House vote,Negative,0
20200205,earthquakenewstoday.com,http://www.earthquakenewstoday.com/2020/02/05/minor-earthquake-m3-24-quake-has-struck-near-san-antonio-in-puerto-rico-2/,Minor earthquake: M3.24 quake has struck near San Antonio in Puerto Rico,Negative,1
20200205,earthquakenewstoday.com,http://www.earthquakenewstoday.com/2020/02/05/minor-earthquake-3-28-mag-16-km-s-of-tallaboa-puerto-rico/,"Minor earthquake 3.28 mag, 16 km S of Tallaboa, Puerto Rico",Neutral,1
20200205,earthquakenewstoday.com,http://www.earthquakenewstoday.com/2020/02/05/minor-earthquake-3-51-mag-strikes-near-indios-in-puerto-rico/,"Minor earthquake, 3.51 mag strikes near Indios in Puerto Rico",Negative,1
20200205,earthquakenewstoday.com,http://www.earthquakenewstoday.com/2020/02/05/minor-earthquake-2-89-mag-strikes-near-tallaboa-in-puerto-rico/,"Minor earthquake, 2.89 mag strikes near Tallaboa in Puerto Rico",Negative,1
